Health Center Type,Health Center Number,BHCMIS Organization Identification Number,BPHC Assigned Number,Site Name,Site Address,Site City,Site Postal Code,Site Telephone Number,Site Web Address,Operating Hours per Week,Health Center Location Setting Identification Number,Health Center Service Delivery Site Location Setting Description,Health Center Status Identification Number,Site Status Description,Health Center Location Identification Number,Health Center Location Type Description,Health Center Type Identification Number,Health Center Type Description,Health Center Operator Identification Number,Health Center Operator Description,Health Center Operating Schedule Identification Number,Health Center Operational Schedule Description,Health Center Operating Calendar Surrogate Key,Health Center Operating Calendar,Health Center Name,Health Center Organization Street Address,Health Center Organization City,Health Center Organization ZIP Code,Geocoding Artifact Address Primary X Coordinate,Geocoding Artifact Address Primary Y Coordinate,Geocoding Artifact Rural Status Indicator,Complete County Name,County Equivalent Name
Federally Qualified Health Center (FQHC),H80CS00797,010460,BPS-H80-012419,Western Maine Family Health Center,16 Depot St STE 300,Livermore Falls,04254-1311,207-897-4345,www.healthreachchc.org,49.5,7,All Other Clinic Types,1,Active,1,Permanent,2,Service Delivery Site,1,Health Center/Applicant,1,Full-Time,1,Year-Round,Healthreach Community Health Centers,10 Water St STE 305,Waterville,04901-6566,-70.18889202,44.47266758,Y,Androscoggin County,Androscoggin
Federally Qualified Health Center (FQHC),H80CS00396,010530,BPS-H80-015349,Bolduc Avenue Health Center,12 Bolduc Ave,Fort Kent,04743-1602,207-834-3971,www.frrh.org,59,7,All Other Clinic Types,1,Active,1,Permanent,2,Service Delivery Site,1,Health Center/Applicant,0,Unknown,0,Unknown,Fish River Rural Health,10 Carter St,Eagle Lake,04739-3060,-68.58968541,47.26469089,Y,Aroostook County,Aroostook
Federally Qualified Health Center (FQHC) Look-Alike,LALCS00085,01E00188,BPS-LAL-009915,CCS Family Health Center,100 Campus Ave,Lewiston,04240-6040,207-755-3445,www.communityclinicalservices.com,57,7,All Other Clinic Types,1,Active,1,Permanent,2,Service Delivery Site,1,Health Center/Applicant,1,Full-Time,1,Year-Round,"Community Clinical Services, Inc.",B St Community Ctr 57 Birch St Ste 201,Lewiston,04240,-70.19933302,44.1024854,N,Androscoggin County,Androscoggin
Federally Qualified Health Center (FQHC),H80CS00488,013240,BPS-H80-019520,Ashland District School,180 Presque Isle Rd,Ashland,04732-3414,207-538-3700,www.kvhc.org,8,2,School,1,Active,1,Permanent,2,Service Delivery Site,1,Health Center/Applicant,0,Unknown,0,Unknown,Katahdin Valley Health Center,529 S Patten Rd,Patten,04765-3007,-68.39368441,46.62703827,Y,Aroostook County,Aroostook
Federally Qualified Health Center (FQHC),H80CS02450,015110,BPS-H80-005787,COLONIAL ACRES NURSING HOME,Workman Ter,Lincoln,04457,207-794-6700,www.hanfqhc.org,10,4,Nursing Home,1,Active,1,Permanent,2,Service Delivery Site,1,Health Center/Applicant,2,Part-Time,1,Year-Round,"Health Access Network, Inc.",175 W Broadway,Lincoln,04457-4000,-68.50305365,45.35507838,Y,Penobscot County,Penobscot
Federally Qualified Health Center (FQHC) Look-Alike,LALCS00085,01E00188,BPS-LAL-017470,CCS Pediatrics,330 Sabattus St STE B,Lewiston,04240-5553,207-755-3160 x20751,www.communityclinicalservices.com,51,7,All Other Clinic Types,1,Active,1,Permanent,2,Service Delivery Site,1,Health Center/Applicant,0,Unknown,0,Unknown,"Community Clinical Services, Inc.",B St Community Ctr 57 Birch St Ste 201,Lewiston,04240,-70.19994113,44.10072306,N,Androscoggin County,Androscoggin
Federally Qualified Health Center (FQHC),H80CS00797,010460,BPS-H80-002892,MADISON AREA HEALTH CENTER,8 S Main St,Madison,04950-4501,207-696-3992,www.healthreachchc.org,48,7,All Other Clinic Types,1,Active,1,Permanent,2,Service Delivery Site,1,Health Center/Applicant,1,Full-Time,1,Year-Round,Healthreach Community Health Centers,10 Water St STE 305,Waterville,04901-6566,-69.86872846,44.79847643,Y,Somerset County,Somerset
Federally Qualified Health Center (FQHC),H80CS04291,014580,BPS-H80-007041,STILLWATER HEALTH CARE,335 Stillwater Ave,Bangor,04401-3944,207-947-1111,,15,4,Nursing Home,1,Active,1,Permanent,2,Service Delivery Site,1,Health Center/Applicant,2,Part-Time,1,Year-Round,Penobscot Community Health Center,103 Maine Ave,Bangor,04401-4330,-68.75964668,44.82224541,N,Penobscot County,Penobscot
Federally Qualified Health Center (FQHC),H80CS02450,015110,BPS-H80-011735,HAN Lee School Based Community Health Center,Winn Rd,Lee,04455,207-794-6700,www.hanfqhc.org,40,2,School,1,Active,1,Permanent,2,Service Delivery Site,1,Health Center/Applicant,1,Full-Time,1,Year-Round,"Health Access Network, Inc.",175 W Broadway,Lincoln,04457-4000,-68.29436727,45.38946911,Y,Penobscot County,Penobscot
Federally Qualified Health Center (FQHC),H80CS00488,013240,BPS-H80-021644,KVHC Stearns Jr./Sr. High School,199 State St,Millinocket,04462-1545,207-538-3700,www.kvhc.org,5,2,School,1,Active,1,Permanent,2,Service Delivery Site,1,Health Center/Applicant,0,Unknown,0,Unknown,Katahdin Valley Health Center,529 S Patten Rd,Patten,04765-3007,-68.70595666,45.66125301,Y,Penobscot County,Penobscot
Federally Qualified Health Center (FQHC),H80CS00591,010340,BPS-H80-024545,Miles Lane School,52 Miles Ln,Bucksport,04416-4667,207-469-6666,,32,2,School,1,Active,1,Permanent,2,Service Delivery Site,1,Health Center/Applicant,0,Unknown,0,Unknown,Bucksport Regional Health Center,110 Broadway,Bucksport,04416-4612,-68.77989812,44.57907165,Y,Hancock County,Hancock
Federally Qualified Health Center (FQHC),H80CS04291,014580,BPS-H80-005791,ORONO COMMONS,117 Bennoch Rd,Orono,04473-3620,207-866-4914,,28,4,Nursing Home,1,Active,1,Permanent,2,Service Delivery Site,1,Health Center/Applicant,2,Part-Time,1,Year-Round,Penobscot Community Health Center,103 Maine Ave,Bangor,04401-4330,-68.67938384,44.89401601,N,Penobscot County,Penobscot
Federally Qualified Health Center (FQHC),H80CS25680,01E01028,BPS-H80-033929,Greater Portland Health at South Portland High School,637 Highland Ave,South Portland,04106-6425,207-874-2141,,20,2,School,1,Active,2,Seasonal,2,Service Delivery Site,1,Health Center/Applicant,0,Unknown,0,Unknown,Portland Community Health Center,180 Park Ave STE 1,Portland,04102-2927,-70.26834626,43.62074217,N,Cumberland County,Cumberland
Federally Qualified Health Center (FQHC),H80CS04291,014580,BPS-H80-002199,BREWER HIGH SCHOOL CLINIC,79 Parkway S,Brewer,04412-1627,207-992-2456,,40,2,School,1,Active,1,Permanent,2,Service Delivery Site,1,Health Center/Applicant,1,Full-Time,1,Year-Round,Penobscot Community Health Center,103 Maine Ave,Bangor,04401-4330,-68.75546638,44.78180747,N,Penobscot County,Penobscot
Federally Qualified Health Center (FQHC),H80CS00630,010570,BPS-H80-007179,Eastport Health Care Calais,10 Palmer St,Calais,04619-1386,207-454-8300,http://www.eastporthealth.org,8,7,All Other Clinic Types,1,Active,1,Permanent,2,Service Delivery Site,1,Health Center/Applicant,2,Part-Time,1,Year-Round,Eastport Health Care Inc,30 Boynton St,Eastport,04631-1306,-67.26946316,45.18080936,Y,Washington County,Washington
Federally Qualified Health Center (FQHC),H80CS04291,014580,BPS-H80-007298,THE MEADOWS,101 Perkins Ave,Old Town,04468-1740,207-827-0547,,1,7,All Other Clinic Types,1,Active,1,Permanent,2,Service Delivery Site,1,Health Center/Applicant,2,Part-Time,1,Year-Round,Penobscot Community Health Center,103 Maine Ave,Bangor,04401-4330,-68.6516745,44.92869799,N,Penobscot County,Penobscot
Federally Qualified Health Center (FQHC),H80CS04291,014580,BPS-H80-004896,HELEN HUNT HEALTH CENTER,242 Brunswick St,Old Town,04468-1613,207-827-6128,,72,7,All Other Clinic Types,1,Active,1,Permanent,2,Service Delivery Site,1,Health Center/Applicant,1,Full-Time,1,Year-Round,Penobscot Community Health Center,103 Maine Ave,Bangor,04401-4330,-68.64660549,44.93265515,N,Penobscot County,Penobscot
Federally Qualified Health Center (FQHC),H80CS00150,010380,BPS-H80-003154,EAST MACHIAS,893 Main St,East Machias,04630-4051,207-255-0102,www.rmcl.org,40,7,All Other Clinic Types,1,Active,1,Permanent,2,Service Delivery Site,1,Health Center/Applicant,1,Full-Time,1,Year-Round,REGIONAL MEDICAL CENTER AT LUBEC ME INC,43 S Lubec Rd,Lubec,04652-3620,-67.41457997,44.72283902,Y,Washington County,Washington
Federally Qualified Health Center (FQHC),H80CS04291,014580,BPS-H80-012549,Dental Center,1048 Union St,Bangor,04401-3016,207-945-5247,,50,7,All Other Clinic Types,1,Active,1,Permanent,2,Service Delivery Site,1,Health Center/Applicant,1,Full-Time,1,Year-Round,Penobscot Community Health Center,103 Maine Ave,Bangor,04401-4330,-68.80985806,44.81592596,N,Penobscot County,Penobscot
Federally Qualified Health Center (FQHC),H80CS04291,014580,BPS-H80-003162,Adult Wellness Center,1068 Union St,Bangor,04401-3016,207-947-0147,,48,7,All Other Clinic Types,1,Active,1,Permanent,2,Service Delivery Site,1,Health Center/Applicant,1,Full-Time,1,Year-Round,Penobscot Community Health Center,103 Maine Ave,Bangor,04401-4330,-68.8104121,44.81668306,N,Penobscot County,Penobscot
Federally Qualified Health Center (FQHC),H80CS00630,010570,BPS-H80-000601,"EASTPORT HEALTH CARE, INC.",30 Boynton St,Eastport,04631-1306,207-853-6001,http://www.eastporthealth.org,48,7,All Other Clinic Types,1,Active,1,Permanent,3,Administrative/Service Delivery Site,1,Health Center/Applicant,1,Full-Time,1,Year-Round,Eastport Health Care Inc,30 Boynton St,Eastport,04631-1306,-66.98778677,44.90518837,Y,Washington County,Washington
Federally Qualified Health Center (FQHC),H80CS25680,01E01028,BPS-H80-021124,Greater Portland Health at Lyman Moore Middle School,171 Auburn St,Portland,04103-2131,207-874-8150,,1,2,School,1,Active,2,Seasonal,2,Service Delivery Site,1,Health Center/Applicant,0,Unknown,0,Unknown,Portland Community Health Center,180 Park Ave STE 1,Portland,04102-2927,-70.28996453,43.70586895,N,Cumberland County,Cumberland
Federally Qualified Health Center (FQHC),H80CS25680,01E01028,BPS-H80-021126,Greater Portland Health at Reiche Community School,166 Brackett St,Portland,04102-3825,207-874-8175,,1,2,School,1,Active,2,Seasonal,2,Service Delivery Site,1,Health Center/Applicant,0,Unknown,0,Unknown,Portland Community Health Center,180 Park Ave STE 1,Portland,04102-2927,-70.26685629,43.65075781,N,Cumberland County,Cumberland
Federally Qualified Health Center (FQHC),H80CS00642,013280,BPS-H80-003982,DFD RUSSELL MEDICAL CENTER - MONMOUTH,11 Academy Rd,Monmouth,04259-7035,207-524-3501,www.dfdrussell.org,46.5,7,All Other Clinic Types,1,Active,1,Permanent,2,Service Delivery Site,1,Health Center/Applicant,1,Full-Time,1,Year-Round,DFD RUSSELL MEDICAL CENTER INC,180 Church Hill Rd,Leeds,04263-3418,-70.03471026,44.24461242,Y,Kennebec County,Kennebec
Federally Qualified Health Center (FQHC),H80CS08769,0115570,BPS-H80-002683,Pines WOMEN & CHILDREN'S CENTER,163 Van Buren Rd STE 4,Caribou,04736-3567,207-498-1697,,54,7,All Other Clinic Types,1,Active,1,Permanent,2,Service Delivery Site,1,Health Center/Applicant,1,Full-Time,1,Year-Round,Pines Health Services,74 Access Hwy,Caribou,04736-3807,-68.00832021,46.8795874,Y,Aroostook County,Aroostook
Federally Qualified Health Center (FQHC),H80CS04291,014580,BPS-H80-006183,SUNBURY VILLAGE RETIREMENT RESD.,992 Ohio St,Bangor,04401-2902,207-262-9600,,4,7,All Other Clinic Types,1,Active,1,Permanent,2,Service Delivery Site,1,Health Center/Applicant,2,Part-Time,1,Year-Round,Penobscot Community Health Center,103 Maine Ave,Bangor,04401-4330,-68.80879387,44.82420525,N,Penobscot County,Penobscot
Federally Qualified Health Center (FQHC),H80CS02450,015110,BPS-H80-006871,CUMMINGS HEALTH CARE NURSING HM,Crocker Ave,Howland,04448,207-794-6700,www.hanfqhc.org,10,4,Nursing Home,1,Active,1,Permanent,2,Service Delivery Site,1,Health Center/Applicant,2,Part-Time,1,Year-Round,"Health Access Network, Inc.",175 W Broadway,Lincoln,04457-4000,-68.66487355,45.25119039,N,Penobscot County,Penobscot
Federally Qualified Health Center (FQHC),H80CS00396,010530,BPS-H80-002678,EAGLE LAKE HEALTH CENTER,10 Carter St,Eagle Lake,04739-3060,207-444-5973 x218,www.frrh.org,54,7,All Other Clinic Types,1,Active,1,Permanent,3,Administrative/Service Delivery Site,1,Health Center/Applicant,1,Full-Time,1,Year-Round,Fish River Rural Health,10 Carter St,Eagle Lake,04739-3060,-68.5949992,47.03638524,Y,Aroostook County,Aroostook
Federally Qualified Health Center (FQHC),H80CS25680,01E01028,BPS-H80-020998,Greater Portland Health at Ocean Avenue Elementary School,150 Ocean Ave,Portland,04103-5746,207-874-8180,,1,2,School,1,Active,2,Seasonal,2,Service Delivery Site,1,Health Center/Applicant,0,Unknown,0,Unknown,Portland Community Health Center,180 Park Ave STE 1,Portland,04102-2927,-70.28241185,43.67593676,N,Cumberland County,Cumberland
Federally Qualified Health Center (FQHC),H80CS06657,010450,BPS-H80-012627,North Haven Medical Clinic,135 Main St,North Haven,04853-3320,207-867-2021,,8,7,All Other Clinic Types,1,Active,1,Permanent,2,Service Delivery Site,1,Health Center/Applicant,2,Part-Time,1,Year-Round,"ISLANDS COMMUNITY MEDICAL SERVICES, INC.",15 Medical Center Loop,Vinalhaven,04863-4119,-68.87562515,44.13018339,Y,Knox County,Knox
Federally Qualified Health Center (FQHC),H80CS00797,010460,BPS-H80-000193,SHEEPSCOT VALLEY HEALTH CENTER,47 Main St,Whitefield,04353-3142,207-549-7581,www.healthreachchc.org,50.5,7,All Other Clinic Types,1,Active,1,Permanent,2,Service Delivery Site,1,Health Center/Applicant,1,Full-Time,1,Year-Round,Healthreach Community Health Centers,10 Water St STE 305,Waterville,04901-6566,-69.54683404,44.25598914,Y,Lincoln County,Lincoln
Federally Qualified Health Center (FQHC),H80CS00488,013240,BPS-H80-021376,KVHC Milo Elementary,18 Belmont St,Milo,04463-1304,207-538-3700,www.kvhc.org,5,2,School,1,Active,1,Permanent,2,Service Delivery Site,1,Health Center/Applicant,0,Unknown,0,Unknown,Katahdin Valley Health Center,529 S Patten Rd,Patten,04765-3007,-68.9817796,45.25066315,Y,Piscataquis County,Piscataquis
Federally Qualified Health Center (FQHC),H80CS25680,01E01028,BPS-H80-012733,Riverton Health Center,59 Riverton Dr,Portland,04103-1050,207-874-2141,www.portlandcommunityhealthcenter.org,36,7,All Other Clinic Types,1,Active,1,Permanent,2,Service Delivery Site,1,Health Center/Applicant,2,Part-Time,1,Year-Round,Portland Community Health Center,180 Park Ave STE 1,Portland,04102-2927,-70.31998951,43.69869513,N,Cumberland County,Cumberland
Federally Qualified Health Center (FQHC),H80CS00458,011230,BPS-H80-017741,Sacopee Valley Health Center,122 S Hiram Rd,Hiram,04041-3647,207-625-8126,www.svhc.org,,0,Unknown,1,Active,1,Permanent,1,Administrative,1,Health Center/Applicant,0,Unknown,0,Unknown,SACOPEE VALLEY HEALTH CENTER,70 Main St,Porter,04068-3527,-70.86954597,43.81154501,Y,Oxford County,Oxford
Federally Qualified Health Center (FQHC),H80CS25680,01E01028,BPS-H80-020912,Greater Portland Health at Longfellow Elementary School,432 Stevens Ave,Portland,04103-2607,207-874-8195,,1,2,School,1,Active,2,Seasonal,2,Service Delivery Site,1,Health Center/Applicant,0,Unknown,0,Unknown,Portland Community Health Center,180 Park Ave STE 1,Portland,04102-2927,-70.29523381,43.67289882,N,Cumberland County,Cumberland
Federally Qualified Health Center (FQHC),H80CS00642,013280,BPS-H80-003215,DFD RUSSELL MEDICAL CENTER - LEEDS,180 Church Hill Rd,Leeds,04263-3418,207-524-3501,www.dfdrussell.org,51.5,7,All Other Clinic Types,1,Active,1,Permanent,2,Service Delivery Site,1,Health Center/Applicant,1,Full-Time,1,Year-Round,DFD RUSSELL MEDICAL CENTER INC,180 Church Hill Rd,Leeds,04263-3418,-70.13643731,44.30139106,N,Androscoggin County,Androscoggin
Federally Qualified Health Center (FQHC),H80CS25680,01E01028,BPS-H80-021007,Greater Portland Health at East End School,195 North St,Portland,04101-2734,207-874-8228,,1,2,School,1,Active,2,Seasonal,2,Service Delivery Site,1,Health Center/Applicant,0,Unknown,0,Unknown,Portland Community Health Center,180 Park Ave STE 1,Portland,04102-2927,-70.25391815,43.67108946,N,Cumberland County,Cumberland
Federally Qualified Health Center (FQHC),H80CS04291,014580,BPS-H80-008838,Maine Avenue Administration/Clinical Center,103 Maine Ave,Bangor,04401-4330,207-945-5247,http://www.pchcbangor.org/,,7,All Other Clinic Types,1,Active,1,Permanent,1,Administrative,1,Health Center/Applicant,1,Full-Time,1,Year-Round,Penobscot Community Health Center,103 Maine Ave,Bangor,04401-4330,-68.80773777,44.80125776,N,Penobscot County,Penobscot
Federally Qualified Health Center (FQHC),H80CS25680,01E01028,BPS-H80-021122,Greater Portland Health at Lincoln Middle School,522 Stevens Ave,Portland,04103-2611,207-874-8145,,1,2,School,1,Active,2,Seasonal,2,Service Delivery Site,1,Health Center/Applicant,0,Unknown,0,Unknown,Portland Community Health Center,180 Park Ave STE 1,Portland,04102-2927,-70.29470248,43.67645153,N,Cumberland County,Cumberland
Federally Qualified Health Center (FQHC),H80CS00396,010530,BPS-H80-030128,School-Based Health Center-Madawaska,353 11th Ave,Madawaska,04756-3004,207-834-3971,frrh.org,4,2,School,1,Active,1,Permanent,2,Service Delivery Site,1,Health Center/Applicant,0,Unknown,0,Unknown,Fish River Rural Health,10 Carter St,Eagle Lake,04739-3060,-68.33897062,47.33882664,Y,Aroostook County,Aroostook
Federally Qualified Health Center (FQHC),H80CS04291,014580,BPS-H80-013481,Winterport Community Health Center,775 N Main St,Winterport,04496-3414,207-992-9200,,45,7,All Other Clinic Types,1,Active,1,Permanent,2,Service Delivery Site,1,Health Center/Applicant,1,Full-Time,1,Year-Round,Penobscot Community Health Center,103 Maine Ave,Bangor,04401-4330,-68.83960334,44.64501904,Y,Waldo County,Waldo
Federally Qualified Health Center (FQHC),H80CS00630,010570,BPS-H80-034246,EHC UMM Clinic,39 O Brien Ave,Machias,04654,207-255-0980,,40,7,All Other Clinic Types,1,Active,1,Permanent,2,Service Delivery Site,1,Health Center/Applicant,0,Unknown,0,Unknown,Eastport Health Care Inc,30 Boynton St,Eastport,04631-1306,-67.45798269,44.7102551,Y,Washington County,Washington
Federally Qualified Health Center (FQHC),H80CS08769,0115570,BPS-H80-012527,Pines Washburn Health Center,1260 Main St,Washburn,04786-3225,207-498-2356,www.pineshealthservices.org,34,7,All Other Clinic Types,1,Active,1,Permanent,2,Service Delivery Site,1,Health Center/Applicant,2,Part-Time,1,Year-Round,Pines Health Services,74 Access Hwy,Caribou,04736-3807,-68.15705188,46.78802119,Y,Aroostook County,Aroostook
Federally Qualified Health Center (FQHC),H80CS00488,013240,BPS-H80-019087,KVHC Katahdin Middle High School,800 Station Rd,Stacyville,04777-4121,207-538-3700,www.kvhc.org,5,2,School,1,Active,1,Permanent,2,Service Delivery Site,1,Health Center/Applicant,0,Unknown,0,Unknown,Katahdin Valley Health Center,529 S Patten Rd,Patten,04765-3007,-68.4384939,45.9251711,Y,Penobscot County,Penobscot
Federally Qualified Health Center (FQHC),H80CS25680,01E01028,BPS-H80-018700,Greater Portland Health at King Middle School,92 Deering Ave,Portland,04102-2901,207-874-8140,,22,2,School,1,Active,2,Seasonal,2,Service Delivery Site,1,Health Center/Applicant,0,Unknown,0,Unknown,Portland Community Health Center,180 Park Ave STE 1,Portland,04102-2927,-70.2746922,43.65736367,N,Cumberland County,Cumberland
Federally Qualified Health Center (FQHC),H80CS25680,01E01028,BPS-H80-032140,Greater Portland Health at Sagamore Village,68 Popham St,Portland,04102-1151,207-874-2141,,20,7,All Other Clinic Types,1,Active,1,Permanent,2,Service Delivery Site,1,Health Center/Applicant,0,Unknown,0,Unknown,Portland Community Health Center,180 Park Ave STE 1,Portland,04102-2927,-70.32286081,43.67604417,N,Cumberland County,Cumberland
Federally Qualified Health Center (FQHC),H80CS02450,015110,BPS-H80-032241,Northern Pine Care Estates,35 Ridge Rd,Lee,04455-4418,207-738-4663,http://northernpinescare.com/,5,7,All Other Clinic Types,1,Active,1,Permanent,2,Service Delivery Site,1,Health Center/Applicant,0,Unknown,0,Unknown,"Health Access Network, Inc.",175 W Broadway,Lincoln,04457-4000,-68.29888744,45.39128765,Y,Penobscot County,Penobscot
Federally Qualified Health Center (FQHC),H80CS00488,013240,BPS-H80-019318,KVHC Houlton Middle High School,7 Bird St,Houlton,04730-2402,207-538-3700,www.kvhc.org,5,2,School,1,Active,1,Permanent,2,Service Delivery Site,1,Health Center/Applicant,0,Unknown,0,Unknown,Katahdin Valley Health Center,529 S Patten Rd,Patten,04765-3007,-67.8273286,46.12798261,Y,Aroostook County,Aroostook
Federally Qualified Health Center (FQHC),H80CS04291,014580,BPS-H80-005704,MAINE VETERANS CENTER/HOMES,44 Hogan Rd,Bangor,04401-5602,207-942-2333,,38,4,Nursing Home,1,Active,1,Permanent,2,Service Delivery Site,1,Health Center/Applicant,2,Part-Time,1,Year-Round,Penobscot Community Health Center,103 Maine Ave,Bangor,04401-4330,-68.73815272,44.81586842,N,Penobscot County,Penobscot
Federally Qualified Health Center (FQHC),H80CS00526,013470,BPS-H80-031951,ST CROIX REGIONAL AT CALAIS,5 Lowell St STE 4,Calais,04619-1712,207-796-5503,,16,7,All Other Clinic Types,1,Active,1,Permanent,2,Service Delivery Site,1,Health Center/Applicant,0,Unknown,0,Unknown,St Croix Regional Family Health Center,136 Mill St,Princeton,04668-3344,-67.27966661,45.18792631,Y,Washington County,Washington
Federally Qualified Health Center (FQHC),H80CS04191,019970,BPS-H80-012474,Nasson Health Care - Springvale,15 Oak St,Springvale,04083-1926,207-324-0546,,48,7,All Other Clinic Types,1,Active,1,Permanent,2,Service Delivery Site,1,Health Center/Applicant,1,Full-Time,1,Year-Round,York County Community Action Corporation,6 Spruce St,Sanford,04073-2917,-70.79810073,43.46520092,Y,York County,York
Federally Qualified Health Center (FQHC),H80CS06657,010450,BPS-H80-024519,Islands Community Medical Center Annex,25 Medical Center Loop,Vinalhaven,04863-4119,207-863-4109,,48,7,All Other Clinic Types,1,Active,1,Permanent,2,Service Delivery Site,1,Health Center/Applicant,0,Unknown,0,Unknown,"ISLANDS COMMUNITY MEDICAL SERVICES, INC.",15 Medical Center Loop,Vinalhaven,04863-4119,-68.83106972,44.04608458,Y,Knox County,Knox
Federally Qualified Health Center (FQHC),H80CS00591,010340,BPS-H80-024734,Bucksport Regional Health Center- Ellsworth Site,37 Commerce Park,Ellsworth,04605-3383,207-469-7371,,48,7,All Other Clinic Types,1,Active,1,Permanent,2,Service Delivery Site,1,Health Center/Applicant,0,Unknown,0,Unknown,Bucksport Regional Health Center,110 Broadway,Bucksport,04416-4612,-68.43322051,44.5619035,Y,Hancock County,Hancock
Federally Qualified Health Center (FQHC),H80CS04291,014580,BPS-H80-032467,The Hutchinson Center,80 Belmont Ave,Belfast,04915-7530,207-338-6900,,8,7,All Other Clinic Types,1,Active,1,Permanent,2,Service Delivery Site,3,Contractor,0,Unknown,0,Unknown,Penobscot Community Health Center,103 Maine Ave,Bangor,04401-4330,-69.03614807,44.41961382,Y,Waldo County,Waldo
Federally Qualified Health Center (FQHC),H80CS00443,010040,BPS-H80-031469,Temporary Site - Rodeway Inn,327 Odlin Rd,Bangor,04401-6703,207-620-1406,,40,7,All Other Clinic Types,1,Active,2,Seasonal,2,Service Delivery Site,1,Health Center/Applicant,0,Unknown,0,Unknown,"Maine Mobile Health Program, Inc",9 Green St Ste 1,Augusta,04330-7451,-68.81166276,44.7891102,N,Penobscot County,Penobscot
Federally Qualified Health Center (FQHC),H80CS25680,01E01028,BPS-H80-018697,Greater Portland Health at Portland High School,284 Cumberland Ave,Portland,04101-4927,207-874-8250,,45.5,2,School,1,Active,1,Permanent,2,Service Delivery Site,1,Health Center/Applicant,0,Unknown,0,Unknown,Portland Community Health Center,180 Park Ave STE 1,Portland,04102-2927,-70.25896104,43.65915422,N,Cumberland County,Cumberland
Federally Qualified Health Center (FQHC),H80CS00488,013240,BPS-H80-005361,Katahdin Valley Health Center Patten,30 Houlton St,Patten,04765-3035,207-538-3700,www.kvhc.org,59.5,7,All Other Clinic Types,1,Active,1,Permanent,3,Administrative/Service Delivery Site,1,Health Center/Applicant,1,Full-Time,1,Year-Round,Katahdin Valley Health Center,529 S Patten Rd,Patten,04765-3007,-68.44601238,45.99550319,Y,Penobscot County,Penobscot
Federally Qualified Health Center (FQHC),H80CS00458,011230,BPS-H80-027373,Sacopee Valley School District,115 S Hiram Rd,Hiram,04041-3636,207-625-3208,,6,2,School,1,Active,2,Seasonal,3,Administrative/Service Delivery Site,1,Health Center/Applicant,0,Unknown,0,Unknown,SACOPEE VALLEY HEALTH CENTER,70 Main St,Porter,04068-3527,-70.86941471,43.81149912,Y,Oxford County,Oxford
Federally Qualified Health Center (FQHC),H80CS25680,01E01028,BPS-H80-021125,Greater Portland Health at Riverton Elementary School,1600 Forest Ave,Portland,04103-1314,207-874-8210,,1,2,School,1,Active,2,Seasonal,2,Service Delivery Site,1,Health Center/Applicant,0,Unknown,0,Unknown,Portland Community Health Center,180 Park Ave STE 1,Portland,04102-2927,-70.30763014,43.69723299,N,Cumberland County,Cumberland
Federally Qualified Health Center (FQHC),H80CS00488,013240,BPS-H80-021643,KVHC East Millinocket Schools,45 North St # 1,East Millinocket,04430-1150,207-538-3700,www.kvhc.org,5,2,School,1,Active,1,Permanent,2,Service Delivery Site,1,Health Center/Applicant,0,Unknown,0,Unknown,Katahdin Valley Health Center,529 S Patten Rd,Patten,04765-3007,-68.57173774,45.63168321,Y,Penobscot County,Penobscot
Federally Qualified Health Center (FQHC) Look-Alike,LALCS00085,01E00188,BPS-LAL-017570,CCS Behavioral at Ren School,15 Sacred Heart Pl RM A,Auburn,04210-4938,207-777-4175,http://www.stmarysmaine.com/Departments-Services/renaissance-school.html,4,2,School,1,Active,1,Permanent,2,Service Delivery Site,1,Health Center/Applicant,0,Unknown,0,Unknown,"Community Clinical Services, Inc.",B St Community Ctr 57 Birch St Ste 201,Lewiston,04240,-70.23526615,44.08926382,N,Androscoggin County,Androscoggin
Federally Qualified Health Center (FQHC),H80CS00797,010460,BPS-H80-003608,RICHMOND AREA HEALTH CENTER,24 Gardiner St,Richmond,04357-1336,207-737-4359,www.healthreachchc.org,49,7,All Other Clinic Types,1,Active,1,Permanent,2,Service Delivery Site,1,Health Center/Applicant,1,Full-Time,1,Year-Round,Healthreach Community Health Centers,10 Water St STE 305,Waterville,04901-6566,-69.80575221,44.08612761,Y,Sagadahoc County,Sagadahoc
Federally Qualified Health Center (FQHC),H80CS02450,015110,BPS-H80-007472,Mattanawcook Academy School Based Health Center,15 Reed Dr,Lincoln,04457-1713,207-794-6700,www.hanfqhc.org,25,2,School,1,Active,1,Permanent,2,Service Delivery Site,1,Health Center/Applicant,2,Part-Time,1,Year-Round,"Health Access Network, Inc.",175 W Broadway,Lincoln,04457-4000,-68.49910736,45.37845576,Y,Penobscot County,Penobscot
Federally Qualified Health Center (FQHC),H80CS00443,010040,BPS-H80-031467,Temorary Site - Quality Inn Bangor Airport,250 Odlin Rd,Bangor,04401-6704,207-620-1406,,40,7,All Other Clinic Types,1,Active,2,Seasonal,2,Service Delivery Site,1,Health Center/Applicant,0,Unknown,0,Unknown,"Maine Mobile Health Program, Inc",9 Green St Ste 1,Augusta,04330-7451,-68.81008118,44.79159623,N,Penobscot County,Penobscot
Federally Qualified Health Center (FQHC),H80CS25680,01E01028,BPS-H80-021123,Greater Portland Health at Fred P. Hall Elementary School,23 Orono Rd,Portland,04102-1106,207-874-8205,,1,2,School,1,Active,2,Seasonal,2,Service Delivery Site,1,Health Center/Applicant,0,Unknown,0,Unknown,Portland Community Health Center,180 Park Ave STE 1,Portland,04102-2927,-70.31716615,43.67846067,N,Cumberland County,Cumberland
Federally Qualified Health Center (FQHC),H80CS02448,015170,BPS-H80-000120,Sebasticook Family Doctors - Dexter,29 Church St,Dexter,04930-1320,207-924-5200,www.hhcme.org,52,7,All Other Clinic Types,1,Active,1,Permanent,2,Service Delivery Site,1,Health Center/Applicant,1,Full-Time,1,Year-Round,Sebasticook Family Doctors,118 Moosehead Trl STE 5,Newport,04953-4056,-69.28846682,45.02550828,Y,Penobscot County,Penobscot
Federally Qualified Health Center (FQHC),H80CS02448,015170,BPS-H80-031112,RSU19,291 Williams Rd,Newport,04953-3945,207-368-4213,www.hhcme.org,16,2,School,1,Active,2,Seasonal,2,Service Delivery Site,1,Health Center/Applicant,0,Unknown,0,Unknown,Sebasticook Family Doctors,118 Moosehead Trl STE 5,Newport,04953-4056,-69.29301132,44.88105058,Y,Penobscot County,Penobscot
Federally Qualified Health Center (FQHC),H80CS04291,014580,BPS-H80-013878,Seaport Community Health Center,53 Schoodic Dr,Belfast,04915-7246,207-338-6900,,72,7,All Other Clinic Types,1,Active,1,Permanent,2,Service Delivery Site,1,Health Center/Applicant,1,Full-Time,1,Year-Round,Penobscot Community Health Center,103 Maine Ave,Bangor,04401-4330,-69.02348377,44.41865594,Y,Waldo County,Waldo
Federally Qualified Health Center (FQHC),H80CS25680,01E01028,BPS-H80-017491,South Portland Community Health Center,100 Brickhill Ave,South Portland,04106-1999,207-874-2141 x5028,,45,7,All Other Clinic Types,1,Active,1,Permanent,2,Service Delivery Site,1,Health Center/Applicant,0,Unknown,0,Unknown,Portland Community Health Center,180 Park Ave STE 1,Portland,04102-2927,-70.30812945,43.63777592,N,Cumberland County,Cumberland
Federally Qualified Health Center (FQHC),H80CS04291,014580,BPS-H80-005796,WOODLANDS ASSISTED LIVING BREWER,53 Colonial Cir,Brewer,04412-1448,207-989-7577,,14,4,Nursing Home,1,Active,1,Permanent,2,Service Delivery Site,1,Health Center/Applicant,2,Part-Time,1,Year-Round,Penobscot Community Health Center,103 Maine Ave,Bangor,04401-4330,-68.74908197,44.78868302,N,Penobscot County,Penobscot
Federally Qualified Health Center (FQHC),H80CS00488,013240,BPS-H80-034164,Katahdin Valley Health NH Millinocket,22 Walnut St,Millinocket,04462-2128,207-538-3700,www.kvhc.org,8,7,All Other Clinic Types,1,Active,1,Permanent,2,Service Delivery Site,1,Health Center/Applicant,0,Unknown,0,Unknown,Katahdin Valley Health Center,529 S Patten Rd,Patten,04765-3007,-68.69437664,45.65683017,Y,Penobscot County,Penobscot
Federally Qualified Health Center (FQHC),H80CS25680,01E01028,BPS-H80-030323,Greater Portland Health at Westbrook High School,125 Stroudwater St,Westbrook,04092-4045,207-854-0810,www.greaterportlandhealth.org,18,2,School,1,Active,2,Seasonal,2,Service Delivery Site,1,Health Center/Applicant,0,Unknown,0,Unknown,Portland Community Health Center,180 Park Ave STE 1,Portland,04102-2927,-70.35409757,43.67355793,N,Cumberland County,Cumberland
Federally Qualified Health Center (FQHC),H80CS02450,015110,BPS-H80-005692,KATAHDIN NURSING HOME,22 Walnut St,Millinocket,04462-2128,207-794-6700,www.hanfqhc.org,10,4,Nursing Home,1,Active,1,Permanent,2,Service Delivery Site,1,Health Center/Applicant,2,Part-Time,1,Year-Round,"Health Access Network, Inc.",175 W Broadway,Lincoln,04457-4000,-68.69437664,45.65683017,Y,Penobscot County,Penobscot
Federally Qualified Health Center (FQHC),H80CS25680,01E01028,BPS-H80-013757,Portland Community Health Center at Preble Street,63 Preble St,Portland,04101-3014,207-874-2141,www.portlandcommunityhealthcenter.org,41.25,7,All Other Clinic Types,1,Active,1,Permanent,2,Service Delivery Site,1,Health Center/Applicant,1,Full-Time,1,Year-Round,Portland Community Health Center,180 Park Ave STE 1,Portland,04102-2927,-70.26158684,43.65899022,N,Cumberland County,Cumberland
Federally Qualified Health Center (FQHC),H80CS04191,019970,BPS-H80-004002,YORK COUNTY COMMUNITY ACTION CORPORATION,6 Spruce St,Sanford,04073-2917,207-324-5762,n/a,2,7,All Other Clinic Types,1,Active,1,Permanent,1,Administrative,1,Health Center/Applicant,1,Full-Time,1,Year-Round,York County Community Action Corporation,6 Spruce St,Sanford,04073-2917,-70.77148022,43.44238139,Y,York County,York
Federally Qualified Health Center (FQHC),H80CS08769,0115570,BPS-H80-012876,Pines Kimball Community Health Center,11 Harmony Ln,Fort Fairfield,04742-3354,207-472-0590,www.pineshealthservices.org,50,7,All Other Clinic Types,1,Active,1,Permanent,2,Service Delivery Site,1,Health Center/Applicant,1,Full-Time,1,Year-Round,Pines Health Services,74 Access Hwy,Caribou,04736-3807,-67.84407196,46.76702393,Y,Aroostook County,Aroostook
Federally Qualified Health Center (FQHC),H80CS04291,014580,BPS-H80-006400,BANGOR NURSING & REHABILITATION CENTER,103 Texas Ave,Bangor,04401-4324,207-947-4557,,32,4,Nursing Home,1,Active,1,Permanent,2,Service Delivery Site,1,Health Center/Applicant,2,Part-Time,1,Year-Round,Penobscot Community Health Center,103 Maine Ave,Bangor,04401-4330,-68.80010184,44.80854403,N,Penobscot County,Penobscot
Federally Qualified Health Center (FQHC),H80CS00526,013470,BPS-H80-002146,EAST GRAND HEALTH CENTER,201 Houlton Rd,Danforth,04424-3140,207-448-2347,eghc.org,42,7,All Other Clinic Types,1,Active,1,Permanent,2,Service Delivery Site,2,Subrecipient,1,Full-Time,1,Year-Round,St Croix Regional Family Health Center,136 Mill St,Princeton,04668-3344,-67.86215365,45.66667137,Y,Washington County,Washington
Federally Qualified Health Center (FQHC),H80CS00443,010040,BPS-H80-002348,Temporary Site - MAINE MOBILE HEALTH PROGRAM,9 Green St,Augusta,04330-7451,207-622-9252,www.mainemobile.org,40,7,All Other Clinic Types,1,Active,1,Permanent,3,Administrative/Service Delivery Site,1,Health Center/Applicant,1,Full-Time,1,Year-Round,"Maine Mobile Health Program, Inc",9 Green St Ste 1,Augusta,04330-7451,-69.77644094,44.31281438,Y,Kennebec County,Kennebec
Federally Qualified Health Center (FQHC),H80CS04291,014580,BPS-H80-006681,BANGOR AREA HOMELESS SHELTER,26 Cedar St,Bangor,04401-7800,207-947-6018,,1,7,All Other Clinic Types,1,Active,1,Permanent,2,Service Delivery Site,1,Health Center/Applicant,2,Part-Time,1,Year-Round,Penobscot Community Health Center,103 Maine Ave,Bangor,04401-4330,-68.77378931,44.79694909,N,Penobscot County,Penobscot
Federally Qualified Health Center (FQHC),H80CS00443,010040,BPS-H80-024875,MMHP Lewiston,11 Lisbon St Ste 102C,Lewiston,04240-7198,207-622-9252,mainemobile.org,,0,Unknown,1,Active,1,Permanent,1,Administrative,1,Health Center/Applicant,0,Unknown,0,Unknown,"Maine Mobile Health Program, Inc",9 Green St Ste 1,Augusta,04330-7451,-70.21809893,44.09840546,N,Androscoggin County,Androscoggin
Federally Qualified Health Center (FQHC),H80CS04291,014580,BPS-H80-005152,ELIZABETH LEVINSON CENTER,159 Hogan Rd,Bangor,04401-5603,207-941-4400,,3,7,All Other Clinic Types,1,Active,1,Permanent,2,Service Delivery Site,1,Health Center/Applicant,1,Full-Time,1,Year-Round,Penobscot Community Health Center,103 Maine Ave,Bangor,04401-4330,-68.73888924,44.81973021,N,Penobscot County,Penobscot
Federally Qualified Health Center (FQHC) Look-Alike,LALCS00085,01E00188,BPS-LAL-017566,CCS Behavioral at LAIM (Room A),3 Willow Run,Auburn,04210-8501,207-513-3550,http://www.stmarysmaine.com/Our-Providers/l-a-internal-medicine.html,8,7,All Other Clinic Types,1,Active,1,Permanent,2,Service Delivery Site,1,Health Center/Applicant,0,Unknown,0,Unknown,"Community Clinical Services, Inc.",B St Community Ctr 57 Birch St Ste 201,Lewiston,04240,-70.235053,44.120156,N,Androscoggin County,Androscoggin
Federally Qualified Health Center (FQHC),H80CS06657,010450,BPS-H80-023366,North Haven Community School,93 Pulpit Harbor Rd,North Haven,04853-3100,207-867-4707,,8,2,School,1,Active,1,Permanent,2,Service Delivery Site,1,Health Center/Applicant,0,Unknown,0,Unknown,"ISLANDS COMMUNITY MEDICAL SERVICES, INC.",15 Medical Center Loop,Vinalhaven,04863-4119,-68.87631129,44.14992667,Y,Knox County,Knox
Federally Qualified Health Center (FQHC),H80CS25680,01E01028,BPS-H80-030707,Temporary Site-Healthcare for the Homeless,20 Portland St,Portland,04101-2912,207-805-3886,,40,7,All Other Clinic Types,1,Active,2,Seasonal,2,Service Delivery Site,1,Health Center/Applicant,0,Unknown,0,Unknown,Portland Community Health Center,180 Park Ave STE 1,Portland,04102-2927,-70.2621672,43.65843744,N,Cumberland County,Cumberland
Federally Qualified Health Center (FQHC),H80CS02450,015110,BPS-H80-003390,HAN FAMILY DENTAL ,9 Main St,Lincoln,04457-1253,207-794-6700,www.hanfqhc.org,45,7,All Other Clinic Types,1,Active,1,Permanent,2,Service Delivery Site,1,Health Center/Applicant,1,Full-Time,1,Year-Round,"Health Access Network, Inc.",175 W Broadway,Lincoln,04457-4000,-68.50439519,45.36251951,Y,Penobscot County,Penobscot
Federally Qualified Health Center (FQHC),H80CS04291,014580,BPS-H80-005829,TREATS FALLS HOUSE,2 Hillside Rd,Orono,04473-4459,207-866-3769,,4,7,All Other Clinic Types,1,Active,1,Permanent,2,Service Delivery Site,1,Health Center/Applicant,2,Part-Time,1,Year-Round,Penobscot Community Health Center,103 Maine Ave,Bangor,04401-4330,-68.65900232,44.88830814,N,Penobscot County,Penobscot
Federally Qualified Health Center (FQHC) Look-Alike,LALCS00085,01E00188,BPS-LAL-012867,CCS Second Street Health Center,60 Second St,Auburn,04210-6853,207-755-3456,www.communityclinicalservices.com,54,7,All Other Clinic Types,1,Active,1,Permanent,2,Service Delivery Site,1,Health Center/Applicant,1,Full-Time,0,Unknown,"Community Clinical Services, Inc.",B St Community Ctr 57 Birch St Ste 201,Lewiston,04240,-70.22119939,44.08707418,N,Androscoggin County,Androscoggin
Federally Qualified Health Center (FQHC),H80CS08769,0115570,BPS-H80-002796,Pines ST. JOHN VALLEY HEALTH CENTER,4 Main St,Van Buren,04785-1009,207-868-2796,www.pineshealthservices.org,50,7,All Other Clinic Types,1,Active,1,Permanent,2,Service Delivery Site,1,Health Center/Applicant,1,Full-Time,1,Year-Round,Pines Health Services,74 Access Hwy,Caribou,04736-3807,-67.92764573,47.15167366,Y,Aroostook County,Aroostook
Federally Qualified Health Center (FQHC) Look-Alike,LALCS00085,01E00188,BPS-LAL-009921,Lewiston High School-Based Health Center,156 East Ave,Lewiston,04240-5626,207-795-4144,www.communityclinicalservices.com,40,2,School,1,Active,2,Seasonal,2,Service Delivery Site,1,Health Center/Applicant,1,Full-Time,1,Year-Round,"Community Clinical Services, Inc.",B St Community Ctr 57 Birch St Ste 201,Lewiston,04240,-70.20192445,44.09318027,N,Androscoggin County,Androscoggin
Federally Qualified Health Center (FQHC),H80CS25680,01E01028,BPS-H80-018698,Greater Portland Health at Deering High School,370 Stevens Ave,Portland,04103-2607,207-874-8260,,24.5,2,School,1,Active,2,Seasonal,2,Service Delivery Site,1,Health Center/Applicant,0,Unknown,0,Unknown,Portland Community Health Center,180 Park Ave STE 1,Portland,04102-2927,-70.29630317,43.67154041,N,Cumberland County,Cumberland
Federally Qualified Health Center (FQHC),H80CS00526,013470,BPS-H80-003987,ST. CROIX REGIONAL FAMILY HEALTH CENTER,136 Mill St,Princeton,04668-3344,207-796-5503,scrfhc.org,44,7,All Other Clinic Types,1,Active,1,Permanent,2,Service Delivery Site,1,Health Center/Applicant,1,Full-Time,1,Year-Round,St Croix Regional Family Health Center,136 Mill St,Princeton,04668-3344,-67.56347366,45.23038999,Y,Washington County,Washington
Federally Qualified Health Center (FQHC),H80CS00591,010340,BPS-H80-027630,Jewett School,66 Bridge St,Bucksport,04416-4087,207-469-6644,,32,2,School,1,Active,1,Permanent,2,Service Delivery Site,1,Health Center/Applicant,0,Unknown,0,Unknown,Bucksport Regional Health Center,110 Broadway,Bucksport,04416-4612,-68.78688016,44.57598699,Y,Hancock County,Hancock
Federally Qualified Health Center (FQHC),H80CS00630,010570,BPS-H80-002183,Eastport Health Care Machias,53 Fremont St,Machias,04654-1320,207-255-0247,http://www.eastporthealth.org,41,7,All Other Clinic Types,1,Active,1,Permanent,2,Service Delivery Site,1,Health Center/Applicant,1,Full-Time,1,Year-Round,Eastport Health Care Inc,30 Boynton St,Eastport,04631-1306,-67.46144713,44.70989933,Y,Washington County,Washington
Federally Qualified Health Center (FQHC),H80CS04291,014580,BPS-H80-032270,PCHC Main Lab,992 Union St Ste J,Bangor,04401-3057,207-992-2336,,45,7,All Other Clinic Types,1,Active,1,Permanent,2,Service Delivery Site,1,Health Center/Applicant,0,Unknown,0,Unknown,Penobscot Community Health Center,103 Maine Ave,Bangor,04401-4330,-68.80715883,44.81553855,N,Penobscot County,Penobscot
Federally Qualified Health Center (FQHC),H80CS00396,010530,BPS-H80-007493,MERCY HOME ,3388 Aroostook Rd,Eagle Lake,04739-3239,207-444-5152,N/A,6,4,Nursing Home,1,Active,1,Permanent,2,Service Delivery Site,1,Health Center/Applicant,2,Part-Time,1,Year-Round,Fish River Rural Health,10 Carter St,Eagle Lake,04739-3060,-68.59580998,47.03619371,Y,Aroostook County,Aroostook
Federally Qualified Health Center (FQHC),H80CS00443,010040,BPS-H80-005367,MIGRANT VOUCHER & MOBILE MEDICAL VAN DOWNEAST REG.,9 Green St,Augusta,04330-7451,207-622-9252,www.mainemigrant.org,40,7,All Other Clinic Types,1,Active,5,Mobile Van,3,Administrative/Service Delivery Site,1,Health Center/Applicant,1,Full-Time,2,Seasonal,"Maine Mobile Health Program, Inc",9 Green St Ste 1,Augusta,04330-7451,-69.77644094,44.31281438,Y,Kennebec County,Kennebec
Federally Qualified Health Center (FQHC),H80CS06657,010450,BPS-H80-007286,VINALHAVEN ELDERCARE SERVICES,17 Beaver Dam Rd,Vinalhaven,04863-3915,207-863-9980,none,2,7,All Other Clinic Types,1,Active,1,Permanent,2,Service Delivery Site,1,Health Center/Applicant,2,Part-Time,1,Year-Round,"ISLANDS COMMUNITY MEDICAL SERVICES, INC.",15 Medical Center Loop,Vinalhaven,04863-4119,-68.82529681,44.04999128,Y,Knox County,Knox
Federally Qualified Health Center (FQHC) Look-Alike,LALCS00085,01E00188,BPS-LAL-017567,CCS Behavioral at SMMA,99 Campus Ave STE 201,Lewiston,04240-6045,207-777-8810,http://www.stmarysmaine.com/Our-Providers/st-marys-medical-associates.html,30,7,All Other Clinic Types,1,Active,1,Permanent,2,Service Delivery Site,1,Health Center/Applicant,0,Unknown,0,Unknown,"Community Clinical Services, Inc.",B St Community Ctr 57 Birch St Ste 201,Lewiston,04240,-70.1983841,44.10127991,N,Androscoggin County,Androscoggin
Federally Qualified Health Center (FQHC) Look-Alike,LALCS00085,01E00188,BPS-LAL-017571,CCS Behavioral at AMA,2 Great Falls Plz STE 21,Auburn,04210-5966,207-330-3950,http://www.stmarysmaine.com/Our-Providers/auburn-medical-associates.html,16,7,All Other Clinic Types,1,Active,1,Permanent,2,Service Delivery Site,1,Health Center/Applicant,0,Unknown,0,Unknown,"Community Clinical Services, Inc.",B St Community Ctr 57 Birch St Ste 201,Lewiston,04240,-70.22601522,44.09871853,N,Androscoggin County,Androscoggin
Federally Qualified Health Center (FQHC),H80CS04291,014580,BPS-H80-009214,Hope House,181 Corporate Dr,Bangor,04401-4314,207-992-2636,,45,7,All Other Clinic Types,1,Active,1,Permanent,2,Service Delivery Site,1,Health Center/Applicant,2,Part-Time,1,Year-Round,Penobscot Community Health Center,103 Maine Ave,Bangor,04401-4330,-68.80581756,44.80451333,N,Penobscot County,Penobscot
Federally Qualified Health Center (FQHC),H80CS00797,010460,BPS-H80-008099,HealthReach Community Health Centers,10 Water St STE 305,Waterville,04901-6566,207-872-5610,www.healthreachchc.org,,0,Unknown,1,Active,1,Permanent,1,Administrative,1,Health Center/Applicant,1,Full-Time,1,Year-Round,Healthreach Community Health Centers,10 Water St STE 305,Waterville,04901-6566,-69.62954608,44.5461622,Y,Kennebec County,Kennebec
Federally Qualified Health Center (FQHC),H80CS02448,015170,BPS-H80-002945,Sebasticook Family Doctors,118 Moosehead Trl STE 5,Newport,04953-4056,207-368-5189,www.hhcme.org,50,7,All Other Clinic Types,1,Active,1,Permanent,3,Administrative/Service Delivery Site,1,Health Center/Applicant,1,Full-Time,1,Year-Round,Sebasticook Family Doctors,118 Moosehead Trl STE 5,Newport,04953-4056,-69.28172199,44.84183413,Y,Penobscot County,Penobscot
Federally Qualified Health Center (FQHC),H80CS25680,01E01028,BPS-H80-018696,Greater Portland Health at Casco Bay High School,196 Allen Ave,Portland,04103-3711,207-874-8160,,16.5,2,School,1,Active,2,Seasonal,2,Service Delivery Site,1,Health Center/Applicant,0,Unknown,0,Unknown,Portland Community Health Center,180 Park Ave STE 1,Portland,04102-2927,-70.29394249,43.6973363,N,Cumberland County,Cumberland
Federally Qualified Health Center (FQHC),H80CS00488,013240,BPS-H80-019504,KVHC Houlton Elementary School,60 South St,Houlton,04730-1500,207-538-3700,www.kvhc.org,8,2,School,1,Active,1,Permanent,2,Service Delivery Site,1,Health Center/Applicant,0,Unknown,0,Unknown,Katahdin Valley Health Center,529 S Patten Rd,Patten,04765-3007,-67.84501492,46.11126733,Y,Aroostook County,Aroostook
Federally Qualified Health Center (FQHC),H80CS08769,0115570,BPS-H80-002630,PINES Caribou Health Center,74 Access Hwy,Caribou,04736-3807,207-498-2356,www.pineshealthservices.org,60.5,7,All Other Clinic Types,1,Active,1,Permanent,3,Administrative/Service Delivery Site,1,Health Center/Applicant,1,Full-Time,1,Year-Round,Pines Health Services,74 Access Hwy,Caribou,04736-3807,-67.99254429,46.87401419,Y,Aroostook County,Aroostook
Federally Qualified Health Center (FQHC),H80CS04291,014580,BPS-H80-003873,PENOBSCOT COMMUNITY HLTH CENTER,1012 Union St,Bangor,04401-3060,207-945-5247,,72,7,All Other Clinic Types,1,Active,1,Permanent,2,Service Delivery Site,1,Health Center/Applicant,1,Full-Time,1,Year-Round,Penobscot Community Health Center,103 Maine Ave,Bangor,04401-4330,-68.80883731,44.81480346,N,Penobscot County,Penobscot
Federally Qualified Health Center (FQHC),H80CS04291,014580,BPS-H80-007061,ROSS MANOR,758 Broadway,Bangor,04401-3224,207-941-8400,,38,4,Nursing Home,1,Active,1,Permanent,2,Service Delivery Site,1,Health Center/Applicant,2,Part-Time,1,Year-Round,Penobscot Community Health Center,103 Maine Ave,Bangor,04401-4330,-68.78261821,44.82683681,N,Penobscot County,Penobscot
Federally Qualified Health Center (FQHC),H80CS04191,019970,BPS-H80-032645,Nasson Health Care - Biddeford,357 Elm St,Biddeford,04005-3022,207-490-6900,,8,7,All Other Clinic Types,1,Active,1,Permanent,2,Service Delivery Site,1,Health Center/Applicant,0,Unknown,0,Unknown,York County Community Action Corporation,6 Spruce St,Sanford,04073-2917,-70.46881783,43.48534363,N,York County,York
Federally Qualified Health Center (FQHC),H80CS00458,011230,BPS-H80-001882,SACOPEE VALLEY HEALTH CENTER,70 Main St,Porter,04068-3527,207-625-8126,www.svhc.org,51,7,All Other Clinic Types,1,Active,1,Permanent,3,Administrative/Service Delivery Site,1,Health Center/Applicant,1,Full-Time,1,Year-Round,SACOPEE VALLEY HEALTH CENTER,70 Main St,Porter,04068-3527,-70.88573042,43.81056491,Y,Oxford County,Oxford
Federally Qualified Health Center (FQHC) Look-Alike,LALCS00085,01E00188,BPS-LAL-017568,CCS Behavioral at Poland,1230 Maine St RM A,Poland,04274-7325,207-998-4483,http://www.stmarysmaine.com/Our-Providers/poland-family-practice.html,20,7,All Other Clinic Types,1,Active,1,Permanent,2,Service Delivery Site,1,Health Center/Applicant,0,Unknown,0,Unknown,"Community Clinical Services, Inc.",B St Community Ctr 57 Birch St Ste 201,Lewiston,04240,-70.39538146,44.06293568,N,Androscoggin County,Androscoggin
Federally Qualified Health Center (FQHC),H80CS00150,010380,BPS-H80-006408,SCHOOL HEALTH CLINIC AT LUBEC,44 South St,Lubec,04652-4002,207-733-2432,www.rmcl.org,35,2,School,1,Active,2,Seasonal,2,Service Delivery Site,1,Health Center/Applicant,2,Part-Time,2,Seasonal,REGIONAL MEDICAL CENTER AT LUBEC ME INC,43 S Lubec Rd,Lubec,04652-3620,-66.98824209,44.85514317,Y,Washington County,Washington
Federally Qualified Health Center (FQHC),H80CS25680,01E01028,BPS-H80-012280,Portland Community Health Center,180 Park Ave,Portland,04102-2957,207-874-2141,www.portlandcommunityhealthcenter.org,55,7,All Other Clinic Types,1,Active,1,Permanent,2,Service Delivery Site,1,Health Center/Applicant,1,Full-Time,1,Year-Round,Portland Community Health Center,180 Park Ave STE 1,Portland,04102-2927,-70.27427235,43.65598175,N,Cumberland County,Cumberland
Federally Qualified Health Center (FQHC),H80CS00797,010460,BPS-H80-033503,Lawrence High School Health Center,9 School St,Fairfield,04937-1326,207-861-9666,,10,2,School,1,Active,2,Seasonal,2,Service Delivery Site,1,Health Center/Applicant,0,Unknown,0,Unknown,Healthreach Community Health Centers,10 Water St STE 305,Waterville,04901-6566,-69.60521727,44.58920013,Y,Somerset County,Somerset
Federally Qualified Health Center (FQHC),H80CS00488,013240,BPS-H80-021375,KVHC Brownville Elementary School,744 Main Rd,Brownville,04414-3213,207-538-3700,www.kvhc.org,5,2,School,1,Active,1,Permanent,2,Service Delivery Site,1,Health Center/Applicant,0,Unknown,0,Unknown,Katahdin Valley Health Center,529 S Patten Rd,Patten,04765-3007,-69.04001726,45.32208959,Y,Piscataquis County,Piscataquis
Federally Qualified Health Center (FQHC),H80CS06657,010450,BPS-H80-000416,ISLANDS COMMUNITY MEDICAL SERVICES,15 Medical Center Loop,Vinalhaven,04863-4119,207-863-4341,www.vinalhaven.org/islands 201835,36,7,All Other Clinic Types,1,Active,1,Permanent,3,Administrative/Service Delivery Site,1,Health Center/Applicant,1,Full-Time,1,Year-Round,"ISLANDS COMMUNITY MEDICAL SERVICES, INC.",15 Medical Center Loop,Vinalhaven,04863-4119,-68.83067971,44.04648251,Y,Knox County,Knox
Federally Qualified Health Center (FQHC),H80CS04291,014580,BPS-H80-006411,WESTGATE MANOR NURSING HOMES,750 Union St,Bangor,04401-3125,207-942-7336,,25,4,Nursing Home,1,Active,1,Permanent,2,Service Delivery Site,1,Health Center/Applicant,2,Part-Time,1,Year-Round,Penobscot Community Health Center,103 Maine Ave,Bangor,04401-4330,-68.79768787,44.81094644,N,Penobscot County,Penobscot
Federally Qualified Health Center (FQHC),H80CS25680,01E01028,BPS-H80-021121,Greater Portland Health at Presumpscot Elementary School,69 Presumpscot St,Portland,04103-5201,207-874-8220,,1,2,School,1,Active,2,Seasonal,2,Service Delivery Site,1,Health Center/Applicant,0,Unknown,0,Unknown,Portland Community Health Center,180 Park Ave STE 1,Portland,04102-2927,-70.2603578,43.68446584,N,Cumberland County,Cumberland
Federally Qualified Health Center (FQHC),H80CS00591,010340,BPS-H80-000431,BUCKSPORT REGIONAL HEALTH CENTER,110 Broadway,Bucksport,04416-4612,207-469-7371,www.brhc.info,44,7,All Other Clinic Types,1,Active,1,Permanent,2,Service Delivery Site,1,Health Center/Applicant,1,Full-Time,1,Year-Round,Bucksport Regional Health Center,110 Broadway,Bucksport,04416-4612,-68.78036155,44.57621091,Y,Hancock County,Hancock
Federally Qualified Health Center (FQHC),H80CS00802,013250,BPS-H80-002993,HARRINGTON FAMILY HEALTH CENTER,50 E Main St,Harrington,04643-3043,207-483-4502,http://www.harringtonfamilyhealth.org,48,7,All Other Clinic Types,1,Active,1,Permanent,3,Administrative/Service Delivery Site,1,Health Center/Applicant,1,Full-Time,1,Year-Round,Harrington Family Health Center,50 E Main St,Harrington,04643-3043,-67.79620886,44.6219999,Y,Washington County,Washington
Federally Qualified Health Center (FQHC),H80CS00797,010460,BPS-H80-002780,BETHEL FAMILY HEALTH CENTER,32 Railroad St,Bethel,04217-3819,207-824-2193,www.healthreachchc.org,53.5,7,All Other Clinic Types,1,Active,1,Permanent,2,Service Delivery Site,1,Health Center/Applicant,1,Full-Time,1,Year-Round,Healthreach Community Health Centers,10 Water St STE 305,Waterville,04901-6566,-70.79123528,44.4102242,Y,Oxford County,Oxford
Federally Qualified Health Center (FQHC),H80CS04291,014580,BPS-H80-001061,Community Care and Geriatrics,992 Union St,Bangor,04401-3057,207-945-5247,,47,7,All Other Clinic Types,1,Active,1,Permanent,2,Service Delivery Site,1,Health Center/Applicant,1,Full-Time,1,Year-Round,Penobscot Community Health Center,103 Maine Ave,Bangor,04401-4330,-68.80715883,44.81553855,N,Penobscot County,Penobscot
Federally Qualified Health Center (FQHC),H80CS00458,011230,BPS-H80-008969,Sacopee Valley Health Center,49 Summer St,Porter,04068-3536,207-625-8126,www.svhc.org,8,7,All Other Clinic Types,1,Active,1,Permanent,3,Administrative/Service Delivery Site,1,Health Center/Applicant,2,Part-Time,1,Year-Round,SACOPEE VALLEY HEALTH CENTER,70 Main St,Porter,04068-3527,-70.88724755,43.81099302,Y,Oxford County,Oxford
Federally Qualified Health Center (FQHC),H80CS00443,010040,BPS-H80-028257,Blueberry Harvest School,39 Washington St,Milbridge,04658-3527,207-546-2210,mainemobile.org,40,2,School,1,Active,2,Seasonal,2,Service Delivery Site,1,Health Center/Applicant,0,Unknown,0,Unknown,"Maine Mobile Health Program, Inc",9 Green St Ste 1,Augusta,04330-7451,-67.88641758,44.53676257,Y,Washington County,Washington
Federally Qualified Health Center (FQHC),H80CS00396,010530,BPS-H80-030127,School-Based Health Center-Frenchville,443 US Route 1,Frenchville,04745-6115,207-834-3971,,4,2,School,1,Active,1,Permanent,2,Service Delivery Site,1,Health Center/Applicant,0,Unknown,0,Unknown,Fish River Rural Health,10 Carter St,Eagle Lake,04739-3060,-68.42880289,47.27983936,Y,Aroostook County,Aroostook
Federally Qualified Health Center (FQHC),H80CS00396,010530,BPS-H80-006787,FOREST HILL MANOR,25 Bolduc Ave,Fort Kent,04743-1601,207-834-3915,N/A,6,4,Nursing Home,1,Active,1,Permanent,2,Service Delivery Site,1,Health Center/Applicant,2,Part-Time,1,Year-Round,Fish River Rural Health,10 Carter St,Eagle Lake,04739-3060,-68.58883833,47.26431148,Y,Aroostook County,Aroostook
Federally Qualified Health Center (FQHC),H80CS04291,014580,BPS-H80-011120,ALPHA Program - Brewer High School,261 Center St,Brewer,04412-1900,207-992-2456,,10,2,School,1,Active,1,Permanent,2,Service Delivery Site,1,Health Center/Applicant,1,Full-Time,1,Year-Round,Penobscot Community Health Center,103 Maine Ave,Bangor,04401-4330,-68.75910228,44.79198775,N,Penobscot County,Penobscot
Federally Qualified Health Center (FQHC),H80CS00642,013280,BPS-H80-032646,DFD RUSSELL MEDICAL CENTER - BRIDGTON,25 Hospital Dr,Bridgton,04009-1167,207-647-2311,,37.5,7,All Other Clinic Types,1,Active,1,Permanent,2,Service Delivery Site,1,Health Center/Applicant,0,Unknown,0,Unknown,DFD RUSSELL MEDICAL CENTER INC,180 Church Hill Rd,Leeds,04263-3418,-70.7152861,44.04618679,Y,Cumberland County,Cumberland
Federally Qualified Health Center (FQHC) Look-Alike,LALCS00085,01E00188,BPS-LAL-028291,CCS Behavioral at CMCC,1250 Turner St,Auburn,04210-6436,207-755-5100,,30,2,School,1,Active,1,Permanent,3,Administrative/Service Delivery Site,1,Health Center/Applicant,0,Unknown,0,Unknown,"Community Clinical Services, Inc.",B St Community Ctr 57 Birch St Ste 201,Lewiston,04240,-70.2308991,44.13224752,N,Androscoggin County,Androscoggin
Federally Qualified Health Center (FQHC),H80CS25680,01E01028,BPS-H80-014488,Franklin Towers Health Center,211 Cumberland Ave,Portland,04101-4935,207-874-2141,,12,7,All Other Clinic Types,1,Active,1,Permanent,2,Service Delivery Site,1,Health Center/Applicant,0,Unknown,0,Unknown,Portland Community Health Center,180 Park Ave STE 1,Portland,04102-2927,-70.25612142,43.66155349,N,Cumberland County,Cumberland
Federally Qualified Health Center (FQHC),H80CS00396,010530,BPS-H80-030113,School-Based Health Center-Van Buren,169 Main St,Van Buren,04785-1248,207-834-3971,frrh.org,5,2,School,1,Active,1,Permanent,2,Service Delivery Site,1,Health Center/Applicant,0,Unknown,0,Unknown,Fish River Rural Health,10 Carter St,Eagle Lake,04739-3060,-67.94111235,47.16071208,Y,Aroostook County,Aroostook
Federally Qualified Health Center (FQHC),H80CS04291,014580,BPS-H80-018173,Downeast School - PCHC Dental,100 Moosehead Blvd,Bangor,04401-2367,207-941-6240,pchc.com,16,2,School,1,Active,1,Permanent,2,Service Delivery Site,1,Health Center/Applicant,0,Unknown,0,Unknown,Penobscot Community Health Center,103 Maine Ave,Bangor,04401-4330,-68.82042797,44.83943431,N,Penobscot County,Penobscot
Federally Qualified Health Center (FQHC),H80CS00642,013280,BPS-H80-002687,DFD RUSSELL MEDICAL CENTER - TURNER,7 Main St,Turner,04282-4138,207-524-3501,www.dfdrussell.org,47.5,7,All Other Clinic Types,1,Active,1,Permanent,2,Service Delivery Site,1,Health Center/Applicant,1,Full-Time,1,Year-Round,DFD RUSSELL MEDICAL CENTER INC,180 Church Hill Rd,Leeds,04263-3418,-70.25973469,44.24458057,N,Androscoggin County,Androscoggin
Federally Qualified Health Center (FQHC),H80CS00396,010530,BPS-H80-018634,Madawaska Community Health Center,309 Saint Thomas St,Madawaska,04756-1278,207-728-4779,www.frrh.org,41.5,7,All Other Clinic Types,1,Active,1,Permanent,2,Service Delivery Site,1,Health Center/Applicant,0,Unknown,0,Unknown,Fish River Rural Health,10 Carter St,Eagle Lake,04739-3060,-68.32774574,47.35480209,Y,Aroostook County,Aroostook
Federally Qualified Health Center (FQHC),H80CS25680,01E01028,BPS-H80-019299,Greater Portland Health Oxford Street,234 Oxford St,Portland,04101-3029,207-874-2141,,45,7,All Other Clinic Types,1,Active,1,Permanent,3,Administrative/Service Delivery Site,1,Health Center/Applicant,0,Unknown,0,Unknown,Portland Community Health Center,180 Park Ave STE 1,Portland,04102-2927,-70.26139875,43.65919038,N,Cumberland County,Cumberland
Federally Qualified Health Center (FQHC),H80CS00150,010380,BPS-H80-002635,REGIONAL MEDICAL CENTER CALAIS,5 Lowell St,Calais,04619-1712,207-454-1491,www.rmcl.org,40,7,All Other Clinic Types,1,Active,1,Permanent,2,Service Delivery Site,1,Health Center/Applicant,1,Full-Time,1,Year-Round,REGIONAL MEDICAL CENTER AT LUBEC ME INC,43 S Lubec Rd,Lubec,04652-3620,-67.27940437,45.18775208,Y,Washington County,Washington
Federally Qualified Health Center (FQHC),H80CS00488,013240,BPS-H80-030572,Katahdin Valley Health Center Island Falls,1300 Crystal Rd,Island Falls,04747-4369,207-538-3700,www.kvhc.org,40,7,All Other Clinic Types,1,Active,1,Permanent,2,Service Delivery Site,1,Health Center/Applicant,0,Unknown,0,Unknown,Katahdin Valley Health Center,529 S Patten Rd,Patten,04765-3007,-68.29277292,46.00677212,Y,Aroostook County,Aroostook
Federally Qualified Health Center (FQHC),H80CS00488,013240,BPS-H80-006491,KVHC Mill Pond Elementary School,147 Hodgdon Mills Rd,Hodgdon,04730-4277,207-538-3700,www.kvhc.org,4,2,School,1,Active,1,Permanent,2,Service Delivery Site,1,Health Center/Applicant,2,Part-Time,1,Year-Round,Katahdin Valley Health Center,529 S Patten Rd,Patten,04765-3007,-67.86282076,46.0568412,Y,Aroostook County,Aroostook
Federally Qualified Health Center (FQHC),H80CS04291,014580,BPS-H80-013395,Jackman Community Health Center,376 Main St,Jackman,04945-5214,207-668-4300,http://www.pchcbangor.org,45,7,All Other Clinic Types,1,Active,1,Permanent,2,Service Delivery Site,1,Health Center/Applicant,1,Full-Time,1,Year-Round,Penobscot Community Health Center,103 Maine Ave,Bangor,04401-4330,-70.25007362,45.62109208,Y,Somerset County,Somerset
Federally Qualified Health Center (FQHC),H80CS00797,010460,BPS-H80-002198,MT. ABRAM REGIONAL HEALTH CENTER,25 Depot St,Kingfield,04947-4208,207-265-4555,www.healthreachchc.org,50,7,All Other Clinic Types,1,Active,1,Permanent,2,Service Delivery Site,1,Health Center/Applicant,1,Full-Time,1,Year-Round,Healthreach Community Health Centers,10 Water St STE 305,Waterville,04901-6566,-70.1571609,44.95805404,Y,Franklin County,Franklin
Federally Qualified Health Center (FQHC),H80CS02450,015110,BPS-H80-003161,HAN Enfield,47 Bridge St,West Enfield,04493-4526,207-794-6700,www.hanfqhc.org,45,7,All Other Clinic Types,1,Active,1,Permanent,2,Service Delivery Site,1,Health Center/Applicant,1,Full-Time,1,Year-Round,"Health Access Network, Inc.",175 W Broadway,Lincoln,04457-4000,-68.64715358,45.23763313,N,Penobscot County,Penobscot
Federally Qualified Health Center (FQHC),H80CS06657,010450,BPS-H80-006342,VINALHAVEN SCHOOL,22 Arcola Ln,Vinalhaven,04863-4014,207-863-4800,none,2,2,School,1,Active,2,Seasonal,2,Service Delivery Site,1,Health Center/Applicant,2,Part-Time,2,Seasonal,"ISLANDS COMMUNITY MEDICAL SERVICES, INC.",15 Medical Center Loop,Vinalhaven,04863-4119,-68.82202791,44.04837635,Y,Knox County,Knox
Federally Qualified Health Center (FQHC),H80CS00443,010040,BPS-H80-004660,MIGRANT VOUCHER & MOBILE MED VAN CENTRAL & WESTERN,9 Green St,Augusta,04330-7451,207-622-9252,www.mainemigrant.org,20,7,All Other Clinic Types,1,Active,5,Mobile Van,3,Administrative/Service Delivery Site,1,Health Center/Applicant,1,Full-Time,1,Year-Round,"Maine Mobile Health Program, Inc",9 Green St Ste 1,Augusta,04330-7451,-69.77644094,44.31281438,Y,Kennebec County,Kennebec
Federally Qualified Health Center (FQHC),H80CS00488,013240,BPS-H80-004734,Katahdin Valley Health Center Millinocket,50 Summer St,Millinocket,04462-1400,207-538-3700,www.kvhc.org,55,7,All Other Clinic Types,1,Active,1,Permanent,2,Service Delivery Site,1,Health Center/Applicant,1,Full-Time,1,Year-Round,Katahdin Valley Health Center,529 S Patten Rd,Patten,04765-3007,-68.70841121,45.65576425,Y,Penobscot County,Penobscot
Federally Qualified Health Center (FQHC),H80CS00488,013240,BPS-H80-021510,KVHC Granite Street School,191 Granite St,Millinocket,04462-1300,207-538-3700,www.kvhc.org,5,2,School,1,Active,1,Permanent,2,Service Delivery Site,1,Health Center/Applicant,0,Unknown,0,Unknown,Katahdin Valley Health Center,529 S Patten Rd,Patten,04765-3007,-68.70462485,45.65331979,Y,Penobscot County,Penobscot
Federally Qualified Health Center (FQHC),H80CS00488,013240,BPS-H80-021661,KVHC Medway Middle School,25 School St,Medway,04460-3152,207-538-3700,www.kvhc.org,5,2,School,1,Active,1,Permanent,2,Service Delivery Site,1,Health Center/Applicant,0,Unknown,0,Unknown,Katahdin Valley Health Center,529 S Patten Rd,Patten,04765-3007,-68.53030692,45.60865098,Y,Penobscot County,Penobscot
Federally Qualified Health Center (FQHC),H80CS00797,010460,BPS-H80-004765,RANGELEY FAMILY MEDICINE,42 Dallas Hill Rd,Rangeley,04970-4032,207-864-3303,www.healthreachchc.org,42.5,7,All Other Clinic Types,1,Active,1,Permanent,2,Service Delivery Site,1,Health Center/Applicant,1,Full-Time,1,Year-Round,Healthreach Community Health Centers,10 Water St STE 305,Waterville,04901-6566,-70.63497766,44.95437694,Y,Franklin County,Franklin
Federally Qualified Health Center (FQHC),H80CS25680,01E01028,BPS-H80-021006,Greater Portland Health at Harrison Lyseth Elementary School,175 Auburn St,Portland,04103-2131,207-874-8215,,1,2,School,1,Active,2,Seasonal,2,Service Delivery Site,1,Health Center/Applicant,0,Unknown,0,Unknown,Portland Community Health Center,180 Park Ave STE 1,Portland,04102-2927,-70.28576897,43.70788899,N,Cumberland County,Cumberland
Federally Qualified Health Center (FQHC),H80CS02450,015110,BPS-H80-000702,HAN MEDWAY ,1930 Medway Rd,Medway,04460-3166,207-794-6700,www.hanfqhc.org,45,7,All Other Clinic Types,1,Active,1,Permanent,2,Service Delivery Site,1,Health Center/Applicant,1,Full-Time,1,Year-Round,"Health Access Network, Inc.",175 W Broadway,Lincoln,04457-4000,-68.52778526,45.61153226,Y,Penobscot County,Penobscot
Federally Qualified Health Center (FQHC),H80CS00591,010340,BPS-H80-024543,Bucksport Middle School,100 Miles Ln,Bucksport,04416-4668,207-469-7371,,32,2,School,1,Active,1,Permanent,2,Service Delivery Site,1,Health Center/Applicant,0,Unknown,0,Unknown,Bucksport Regional Health Center,110 Broadway,Bucksport,04416-4612,-68.77557582,44.58087443,Y,Hancock County,Hancock
Federally Qualified Health Center (FQHC),H80CS04291,014580,BPS-H80-005207,United Cerebral Palsy of Northeastern Maine,700 Mount Hope Ave Ste 320,Bangor,04401-5680,207-945-5247,,1,7,All Other Clinic Types,1,Active,1,Permanent,2,Service Delivery Site,1,Health Center/Applicant,1,Full-Time,1,Year-Round,Penobscot Community Health Center,103 Maine Ave,Bangor,04401-4330,-68.73604182,44.82336897,N,Penobscot County,Penobscot
Federally Qualified Health Center (FQHC),H80CS02448,015170,BPS-H80-019755,Sebasticook Family Doctors d/b/a HOMETOWN Health Center,118 Moosehead Trl Ste 4,Newport,04953-4056,207-368-4213,hhcme.org,,7,All Other Clinic Types,1,Active,1,Permanent,1,Administrative,1,Health Center/Applicant,0,Unknown,0,Unknown,Sebasticook Family Doctors,118 Moosehead Trl STE 5,Newport,04953-4056,-69.28074181,44.84163288,Y,Penobscot County,Penobscot
Federally Qualified Health Center (FQHC),H80CS00488,013240,BPS-H80-019317,KVHC Katahdin Elementary School,805 Station Rd,Stacyville,04777-4108,207-538-3700,www.kvhc.org,8,2,School,1,Active,1,Permanent,2,Service Delivery Site,1,Health Center/Applicant,0,Unknown,0,Unknown,Katahdin Valley Health Center,529 S Patten Rd,Patten,04765-3007,-68.438655,45.92549133,Y,Penobscot County,Penobscot
Federally Qualified Health Center (FQHC) Look-Alike,LALCS00085,01E00188,BPS-LAL-017569,CCS Behavioral at Mollison (Room A),15 Mollison Way,Lewiston,04240-5805,207-777-4440,http://www.stmarysmaine.com/Our-Providers/st-marys-center-for-family-medicine-at-mollison-way.html,30,7,All Other Clinic Types,1,Active,1,Permanent,2,Service Delivery Site,1,Health Center/Applicant,0,Unknown,0,Unknown,"Community Clinical Services, Inc.",B St Community Ctr 57 Birch St Ste 201,Lewiston,04240,-70.19881343,44.12473327,N,Androscoggin County,Androscoggin
Federally Qualified Health Center (FQHC),H80CS04291,014580,BPS-H80-033927,Bangor School Department School-Based Health Center,855 Broadway,Bangor,04401-2916,207-404-8000,,40,2,School,1,Active,1,Permanent,2,Service Delivery Site,1,Health Center/Applicant,0,Unknown,0,Unknown,Penobscot Community Health Center,103 Maine Ave,Bangor,04401-4330,-68.78434564,44.82880979,N,Penobscot County,Penobscot
Federally Qualified Health Center (FQHC),H80CS04291,014580,BPS-H80-032269,PCHC Bridge Clinic,992 Union St STE 3,Bangor,04401-3057,207-992-9200,,50,7,All Other Clinic Types,1,Active,1,Permanent,2,Service Delivery Site,1,Health Center/Applicant,0,Unknown,0,Unknown,Penobscot Community Health Center,103 Maine Ave,Bangor,04401-4330,-68.80749654,44.81485073,N,Penobscot County,Penobscot
Federally Qualified Health Center (FQHC),H80CS00526,013470,BPS-H80-033130,Temporary Site- Calais Blue Devil Health,35 Blue Devil Hl,Calais,04619-4037,207-796-5503,,40,7,All Other Clinic Types,1,Active,2,Seasonal,2,Service Delivery Site,1,Health Center/Applicant,0,Unknown,0,Unknown,St Croix Regional Family Health Center,136 Mill St,Princeton,04668-3344,-67.24301681,45.16445566,Y,Washington County,Washington
Federally Qualified Health Center (FQHC),H80CS00488,013240,BPS-H80-019530,KVHC Penquis Valley Schools,48 Penquis Dr,Milo,04463-1033,207-538-3700,www.kvhc.org,8,2,School,1,Active,1,Permanent,2,Service Delivery Site,1,Health Center/Applicant,0,Unknown,0,Unknown,Katahdin Valley Health Center,529 S Patten Rd,Patten,04765-3007,-68.99592843,45.25183342,Y,Piscataquis County,Piscataquis
Federally Qualified Health Center (FQHC),H80CS04291,014580,BPS-H80-008910,Brewer Medical Center,735 Wilson St,Brewer,04412-1000,207-945-5247,http://www.pchcbangor.org/index.htm,72,7,All Other Clinic Types,1,Active,1,Permanent,2,Service Delivery Site,1,Health Center/Applicant,1,Full-Time,1,Year-Round,Penobscot Community Health Center,103 Maine Ave,Bangor,04401-4330,-68.73044891,44.77427926,N,Penobscot County,Penobscot
Federally Qualified Health Center (FQHC),H80CS06657,010450,BPS-H80-006643,MATINICUS VIA TELEMEDICINE,SUNBEAN DOCKED @ MATINICUS WHF,Matinicus,04851,207-366-3453,none,2,7,All Other Clinic Types,1,Active,1,Permanent,2,Service Delivery Site,1,Health Center/Applicant,2,Part-Time,1,Year-Round,"ISLANDS COMMUNITY MEDICAL SERVICES, INC.",15 Medical Center Loop,Vinalhaven,04863-4119,-68.88741999,43.86513,Y,Knox County,Knox
Federally Qualified Health Center (FQHC),H80CS00396,010530,BPS-H80-029759,School Based Health Center Mobile Unit,3 Mountainview Dr,Fort Kent,04743-1614,207-834-3971,www.frrh.org,40,2,School,1,Active,5,Mobile Van,2,Service Delivery Site,1,Health Center/Applicant,0,Unknown,0,Unknown,Fish River Rural Health,10 Carter St,Eagle Lake,04739-3060,-68.59172129,47.26810857,Y,Aroostook County,Aroostook
Federally Qualified Health Center (FQHC),H80CS04291,014580,BPS-H80-001030,BREWER REHAB & LIVING CENTER,74 Parkway S,Brewer,04412-1628,207-989-7300,,38,4,Nursing Home,1,Active,1,Permanent,2,Service Delivery Site,1,Health Center/Applicant,1,Full-Time,1,Year-Round,Penobscot Community Health Center,103 Maine Ave,Bangor,04401-4330,-68.75460916,44.78134215,N,Penobscot County,Penobscot
Federally Qualified Health Center (FQHC),H80CS04291,014580,BPS-H80-004309,CAPEHART COMMUNITY HEALTH CENTER,86 Davis Rd,Bangor,04401-2311,207-992-2205,,48.5,7,All Other Clinic Types,1,Active,1,Permanent,2,Service Delivery Site,1,Health Center/Applicant,1,Full-Time,1,Year-Round,Penobscot Community Health Center,103 Maine Ave,Bangor,04401-4330,-68.82075897,44.84488565,N,Penobscot County,Penobscot
Federally Qualified Health Center (FQHC),H80CS00797,010460,BPS-H80-004223,LOVEJOY HEALTH CENTER,7 School St STE 1,Albion,04910-6501,207-437-9388,www.healthreachchc.org,50.5,7,All Other Clinic Types,1,Active,1,Permanent,2,Service Delivery Site,1,Health Center/Applicant,1,Full-Time,1,Year-Round,Healthreach Community Health Centers,10 Water St STE 305,Waterville,04901-6566,-69.44153664,44.53027188,Y,Kennebec County,Kennebec
Federally Qualified Health Center (FQHC),H80CS04291,014580,BPS-H80-007281,PHILIPS-STRICKLAND HOUSE,21 Boyd St,Bangor,04401-6560,207-941-2820,,6,7,All Other Clinic Types,1,Active,1,Permanent,2,Service Delivery Site,1,Health Center/Applicant,2,Part-Time,1,Year-Round,Penobscot Community Health Center,103 Maine Ave,Bangor,04401-4330,-68.76253936,44.80431942,N,Penobscot County,Penobscot
Federally Qualified Health Center (FQHC),H80CS08769,0115570,BPS-H80-000760,PINES Presque Isle FAMILY HEALTH CENTER,66 Spruce St STE 4,Presque Isle,04769-3241,207-769-2025,www.pineshealthservices.org,50,7,All Other Clinic Types,1,Active,1,Permanent,2,Service Delivery Site,1,Health Center/Applicant,1,Full-Time,1,Year-Round,Pines Health Services,74 Access Hwy,Caribou,04736-3807,-68.00705295,46.69832389,Y,Aroostook County,Aroostook
Federally Qualified Health Center (FQHC),H80CS00488,013240,BPS-H80-034163,Katahdin Valley Health Center Dover,48 E Main St,Dover Foxcroft,04426-1323,207-538-3700,,32,7,All Other Clinic Types,1,Active,1,Permanent,2,Service Delivery Site,1,Health Center/Applicant,0,Unknown,0,Unknown,Katahdin Valley Health Center,529 S Patten Rd,Patten,04765-3007,-69.22891885,45.18387617,Y,Piscataquis County,Piscataquis
Federally Qualified Health Center (FQHC),H80CS00488,013240,BPS-H80-032026,Katahdin Valley Health Center Lincoln,53 Transalpine Rd FL,Lincoln,04457-4223,207-538-3700,kvhc.org,32,7,All Other Clinic Types,1,Active,1,Permanent,2,Service Delivery Site,1,Health Center/Applicant,0,Unknown,0,Unknown,Katahdin Valley Health Center,529 S Patten Rd,Patten,04765-3007,-68.51386732,45.34583185,Y,Penobscot County,Penobscot
Federally Qualified Health Center (FQHC),H80CS00488,013240,BPS-H80-019084,KVHC Southern Aroostook Community School,922 Dyer Brook Rd,Dyer Brook,04747-5028,207-538-3700,www.kvhc.org,5,2,School,1,Active,1,Permanent,2,Service Delivery Site,1,Health Center/Applicant,0,Unknown,0,Unknown,Katahdin Valley Health Center,529 S Patten Rd,Patten,04765-3007,-68.18427597,46.08678195,Y,Aroostook County,Aroostook
Federally Qualified Health Center (FQHC),H80CS25680,01E01028,BPS-H80-021127,Greater Portland Health at Peaks Island School,4 Church Ave,Portland,04108-1157,207-766-2528,,1,2,School,1,Active,2,Seasonal,2,Service Delivery Site,1,Health Center/Applicant,0,Unknown,0,Unknown,Portland Community Health Center,180 Park Ave STE 1,Portland,04102-2927,-70.1969047,43.66061765,N,Cumberland County,Cumberland
Federally Qualified Health Center (FQHC),H80CS00797,010460,BPS-H80-002691,STRONG AREA HEALTH CENTER,177 N Main St,Strong,04983-3005,207-684-4010,www.healthreachchc.org,52.25,7,All Other Clinic Types,1,Active,1,Permanent,2,Service Delivery Site,1,Health Center/Applicant,1,Full-Time,1,Year-Round,Healthreach Community Health Centers,10 Water St STE 305,Waterville,04901-6566,-70.21736861,44.81954296,Y,Franklin County,Franklin
Federally Qualified Health Center (FQHC),H80CS00797,010460,BPS-H80-001618,BELGRADE REGIONAL HEALTH CENTER,4 Clement Way,Belgrade,04917-4370,207-495-3323,www.healthreachchc.org,46.5,7,All Other Clinic Types,1,Active,1,Permanent,2,Service Delivery Site,1,Health Center/Applicant,1,Full-Time,1,Year-Round,Healthreach Community Health Centers,10 Water St STE 305,Waterville,04901-6566,-69.86611708,44.50398757,Y,Kennebec County,Kennebec
Federally Qualified Health Center (FQHC),H80CS00488,013240,BPS-H80-013413,Katahdin Valley Health Center Ashland,33 Walker St,Ashland,04732-3429,207-538-3700,www.kvhc.org,50.5,7,All Other Clinic Types,1,Active,1,Permanent,2,Service Delivery Site,1,Health Center/Applicant,1,Full-Time,1,Year-Round,Katahdin Valley Health Center,529 S Patten Rd,Patten,04765-3007,-68.39187191,46.62817566,Y,Aroostook County,Aroostook
Federally Qualified Health Center (FQHC),H80CS00488,013240,BPS-H80-015631,KVHC Brownville,180 Main Rd,Brownville,04414-3107,207-538-3700,www.kvhc.org,48,7,All Other Clinic Types,1,Active,1,Permanent,2,Service Delivery Site,1,Health Center/Applicant,0,Unknown,0,Unknown,Katahdin Valley Health Center,529 S Patten Rd,Patten,04765-3007,-69.03388479,45.30338451,Y,Piscataquis County,Piscataquis
Federally Qualified Health Center (FQHC),H80CS00488,013240,BPS-H80-015219,Katahdin Valley Health Center,529 S Patten Rd,Patten,04765-3007,207-538-3700,www.kvhc.org,53,7,All Other Clinic Types,1,Active,1,Permanent,3,Administrative/Service Delivery Site,1,Health Center/Applicant,0,Unknown,0,Unknown,Katahdin Valley Health Center,529 S Patten Rd,Patten,04765-3007,-68.45273626,45.95856196,Y,Penobscot County,Penobscot
Federally Qualified Health Center (FQHC),H80CS04291,014580,BPS-H80-006232,DIRIGO PINES RETIREMENT COMM.,9 Alumni Dr,Orono,04473-3479,207-866-7011,,16,7,All Other Clinic Types,1,Active,1,Permanent,2,Service Delivery Site,1,Health Center/Applicant,2,Part-Time,1,Year-Round,Penobscot Community Health Center,103 Maine Ave,Bangor,04401-4330,-68.68971839,44.86922569,N,Penobscot County,Penobscot
Federally Qualified Health Center (FQHC),H80CS00443,010040,BPS-H80-019458,MIGRANT VOUCHER & MOBILE MEDICAL VAN STATEWIDE,9 Green St,Augusta,04330-7451,207-622-9252 x1,www.mainemigrant.org,25,7,All Other Clinic Types,1,Active,5,Mobile Van,2,Service Delivery Site,1,Health Center/Applicant,0,Unknown,0,Unknown,"Maine Mobile Health Program, Inc",9 Green St Ste 1,Augusta,04330-7451,-69.77644094,44.31281438,Y,Kennebec County,Kennebec
Federally Qualified Health Center (FQHC) Look-Alike,LALCS00085,01E00188,BPS-LAL-009910,B Street Health Center,57 Birch St,Lewiston,04240-7415,207-753-5400,www.communityclinicalservices.com,60,7,All Other Clinic Types,1,Active,1,Permanent,2,Service Delivery Site,1,Health Center/Applicant,1,Full-Time,1,Year-Round,"Community Clinical Services, Inc.",B St Community Ctr 57 Birch St Ste 201,Lewiston,04240,-70.21144336,44.09286364,N,Androscoggin County,Androscoggin
Federally Qualified Health Center (FQHC) Look-Alike,LALCS00085,01E00188,BPS-LAL-009907,Lewiston Middle School-Based Health Center,75 Central Ave,Lewiston,04240-6031,207-795-4180,www.communityclinicalservices.com,40,2,School,1,Active,2,Seasonal,2,Service Delivery Site,1,Health Center/Applicant,1,Full-Time,1,Year-Round,"Community Clinical Services, Inc.",B St Community Ctr 57 Birch St Ste 201,Lewiston,04240,-70.20271034,44.10267499,N,Androscoggin County,Androscoggin
Federally Qualified Health Center (FQHC),H80CS00443,010040,BPS-H80-007170,MIGRANT VOUCHER & MOBILE MEDICAL VAN NORTHERN ME,9 Green St,Augusta,04330-7451,207-622-9252,www.mainemigrant.org,30,7,All Other Clinic Types,1,Active,5,Mobile Van,3,Administrative/Service Delivery Site,1,Health Center/Applicant,2,Part-Time,2,Seasonal,"Maine Mobile Health Program, Inc",9 Green St Ste 1,Augusta,04330-7451,-69.77644094,44.31281438,Y,Kennebec County,Kennebec
Federally Qualified Health Center (FQHC),H80CS02450,015110,BPS-H80-008928,Health Access Network Lincoln,175 W Broadway,Lincoln,04457-4000,207-794-6700,,50,7,All Other Clinic Types,1,Active,1,Permanent,2,Service Delivery Site,1,Health Center/Applicant,1,Full-Time,1,Year-Round,"Health Access Network, Inc.",175 W Broadway,Lincoln,04457-4000,-68.52218091,45.36056615,Y,Penobscot County,Penobscot
Federally Qualified Health Center (FQHC),H80CS00443,010040,BPS-H80-031468,Temporary Site - Ramada Inn,357 Odlin Rd,Bangor,04401-6703,207-620-1406,,40,7,All Other Clinic Types,1,Active,2,Seasonal,2,Service Delivery Site,1,Health Center/Applicant,0,Unknown,0,Unknown,"Maine Mobile Health Program, Inc",9 Green St Ste 1,Augusta,04330-7451,-68.81229744,44.78815399,N,Penobscot County,Penobscot
Federally Qualified Health Center (FQHC),H80CS00488,013240,BPS-H80-006729,MSAD #70 Hodgdon High School,174 Hodgdon Mills Rd,Hodgdon,04730-4278,207-538-3700,www.kvhc.org,4,2,School,1,Active,1,Permanent,2,Service Delivery Site,1,Health Center/Applicant,2,Part-Time,1,Year-Round,Katahdin Valley Health Center,529 S Patten Rd,Patten,04765-3007,-67.86444509,46.05422475,Y,Aroostook County,Aroostook
Federally Qualified Health Center (FQHC),H80CS04291,014580,BPS-H80-027792,Penobscot Pediatrics,6 Telcom Dr,Bangor,04401-3072,207-992-9200,,72,7,All Other Clinic Types,1,Active,1,Permanent,3,Administrative/Service Delivery Site,1,Health Center/Applicant,0,Unknown,0,Unknown,Penobscot Community Health Center,103 Maine Ave,Bangor,04401-4330,-68.81233809,44.81754145,N,Penobscot County,Penobscot
Federally Qualified Health Center (FQHC),H80CS00630,010570,BPS-H80-004827,EASTPORT HEALTH CARE,55 Franklin St,Calais,04619-1301,207-454-3022,http://www.eastporthealth.org,32,7,All Other Clinic Types,1,Active,1,Permanent,2,Service Delivery Site,1,Health Center/Applicant,1,Full-Time,1,Year-Round,Eastport Health Care Inc,30 Boynton St,Eastport,04631-1306,-67.26910407,45.18089842,Y,Washington County,Washington
Federally Qualified Health Center (FQHC),H80CS00797,010460,BPS-H80-005466,BINGHAM AREA HEALTH CENTER,237 Main St,Bingham,04920-4015,207-672-4187,www.healthreachchc.org,51.5,7,All Other Clinic Types,1,Active,1,Permanent,2,Service Delivery Site,1,Health Center/Applicant,1,Full-Time,1,Year-Round,Healthreach Community Health Centers,10 Water St STE 305,Waterville,04901-6566,-69.88211227,45.05266842,Y,Somerset County,Somerset
Federally Qualified Health Center (FQHC),H80CS00488,013240,BPS-H80-019496,KVHC Houlton Southside School,65 South St,Houlton,04730-1550,207-538-3700,www.kvhc.org,8,2,School,1,Active,1,Permanent,2,Service Delivery Site,1,Health Center/Applicant,0,Unknown,0,Unknown,Katahdin Valley Health Center,529 S Patten Rd,Patten,04765-3007,-67.84669742,46.11137454,Y,Aroostook County,Aroostook
Federally Qualified Health Center (FQHC) Look-Alike,LALCS00085,01E00188,BPS-LAL-009911,Auburn Middle School-Based Health Center,38 Falcon Dr,Auburn,04210-4384,207-783-3984,www.communityclinicalservices.com,40,2,School,1,Active,2,Seasonal,2,Service Delivery Site,1,Health Center/Applicant,1,Full-Time,1,Year-Round,"Community Clinical Services, Inc.",B St Community Ctr 57 Birch St Ste 201,Lewiston,04240,-70.25046246,44.09195253,N,Androscoggin County,Androscoggin
Federally Qualified Health Center (FQHC),H80CS00443,010040,BPS-H80-028145,MMHP Milbridge,4 Maple St,Milbridge,04658-3427,207-485-2779,mainemobile.org,,7,All Other Clinic Types,1,Active,1,Permanent,1,Administrative,1,Health Center/Applicant,0,Unknown,0,Unknown,"Maine Mobile Health Program, Inc",9 Green St Ste 1,Augusta,04330-7451,-67.88385745,44.538626,Y,Washington County,Washington
Federally Qualified Health Center (FQHC),H80CS00443,010040,BPS-H80-031466,Temporary Site - Quality Inn Bangor Mall,750 Hogan Rd,Bangor,04401-3604,207-620-1406,,40,7,All Other Clinic Types,1,Active,2,Seasonal,2,Service Delivery Site,1,Health Center/Applicant,0,Unknown,0,Unknown,"Maine Mobile Health Program, Inc",9 Green St Ste 1,Augusta,04330-7451,-68.74386172,44.83986862,N,Penobscot County,Penobscot
Federally Qualified Health Center (FQHC),H80CS00150,010380,BPS-H80-002559,"REGIONAL MEDICAL CENTER AT LUBEC, INC.",43 S Lubec Rd,Lubec,04652-3620,207-733-1090,www.rmcl.org,44,7,All Other Clinic Types,1,Active,1,Permanent,3,Administrative/Service Delivery Site,1,Health Center/Applicant,1,Full-Time,1,Year-Round,REGIONAL MEDICAL CENTER AT LUBEC ME INC,43 S Lubec Rd,Lubec,04652-3620,-66.99929128,44.84599311,Y,Washington County,Washington
Federally Qualified Health Center (FQHC),H80CS00591,010340,BPS-H80-027767,Bucksport High School,102 Broadway,Bucksport,04416-4610,207-469-7371,,32,2,School,1,Active,1,Permanent,2,Service Delivery Site,1,Health Center/Applicant,0,Unknown,0,Unknown,Bucksport Regional Health Center,110 Broadway,Bucksport,04416-4612,-68.78221999,44.57588925,Y,Hancock County,Hancock
Federally Qualified Health Center (FQHC),H80CS00396,010530,BPS-H80-012310,Fort Kent Health Education & Training Center,3 Mountainview Dr,Fort Kent,04743-1614,207-316-6446,www.frrh.org,45,7,All Other Clinic Types,1,Active,1,Permanent,2,Service Delivery Site,1,Health Center/Applicant,1,Full-Time,1,Year-Round,Fish River Rural Health,10 Carter St,Eagle Lake,04739-3060,-68.59172129,47.26810857,Y,Aroostook County,Aroostook
Federally Qualified Health Center (FQHC),H80CS04291,014580,BPS-H80-000964,EASTSIDE REHAB & LIVING CTR,516 Mount Hope Ave,Bangor,04401-4215,207-947-6131,,24,4,Nursing Home,1,Active,1,Permanent,2,Service Delivery Site,1,Health Center/Applicant,1,Full-Time,1,Year-Round,Penobscot Community Health Center,103 Maine Ave,Bangor,04401-4330,-68.74521238,44.82125086,N,Penobscot County,Penobscot
Federally Qualified Health Center (FQHC),H80CS00488,013240,BPS-H80-005124,Katahdin Valley Health Center Houlton,59 Bangor St,Houlton,04730-1740,207-538-3700,www.kvhc.org,80,7,All Other Clinic Types,1,Active,1,Permanent,2,Service Delivery Site,1,Health Center/Applicant,1,Full-Time,1,Year-Round,Katahdin Valley Health Center,529 S Patten Rd,Patten,04765-3007,-67.84656205,46.12301474,Y,Aroostook County,Aroostook
Federally Qualified Health Center (FQHC),H80CS04291,014580,BPS-H80-010558,Brewer Community School,92 Pendleton St,Brewer,04412-1776,207-992-2393,,25,2,School,1,Active,1,Permanent,2,Service Delivery Site,1,Health Center/Applicant,1,Full-Time,1,Year-Round,Penobscot Community Health Center,103 Maine Ave,Bangor,04401-4330,-68.77078866,44.775521,N,Penobscot County,Penobscot
Federally Qualified Health Center (FQHC) Look-Alike,LALCS00085,01E00188,BPS-LAL-009913,Edward Little High School-Based Health Center,77 Harris St,Auburn,04210-4671,207-782-6827,www.communityclinicalservices.com,40,2,School,1,Active,2,Seasonal,2,Service Delivery Site,1,Health Center/Applicant,1,Full-Time,1,Year-Round,"Community Clinical Services, Inc.",B St Community Ctr 57 Birch St Ste 201,Lewiston,04240,-70.23472058,44.09456366,N,Androscoggin County,Androscoggin
