town,borrelia_percent,borrelia_positive,borrelia_tests,anaplasma_percent,anaplasma_positive,anaplasma_tests,babesia_percent,babesia_positive,babesia_tests,ehrlichia_percent,ehrlichia_positive,ehrlichia_tests,francisella_percent,francisella_positive,francisella_tests,rickettsia_percent,rickettsia_positive,rickettsia_tests
Abbot,0,0,0,0,0,0,0,0,0,0,0,0,0,0,0,0,0,0
Acton,0.143,1,7,0,0,7,0.286,2,7,0,0,2,0,0,2,0,0,2
Adamstown Twp,0,0,0,0,0,0,0,0,0,0,0,0,0,0,0,0,0,0
Addison,0,0,2,0,0,2,0,0,2,0,0,0,0,0,0,0,0,0
Albany Twp,0,0,1,0,0,1,0,0,1,0,0,0,0,0,0,0,0,0
Albion,0.333,3,9,0.111,1,9,0.111,1,9,0,0,1,0,0,1,0,0,1
Alder Brook Twp,0,0,0,0,0,0,0,0,0,0,0,0,0,0,0,0,0,0
Alder Stream Twp,0,0,0,0,0,0,0,0,0,0,0,0,0,0,0,0,0,0
Alexander,0,0,0,0,0,0,0,0,0,0,0,0,0,0,0,0,0,0
Alfred,0.2,1,5,0.4,2,5,0,0,5,0,0,1,0,0,1,0,0,1
Allagash,1,1,1,0,0,1,0,0,1,0,0,0,0,0,0,0,0,0
Alna,0.37,10,27,0.074,2,27,0.111,3,27,0,0,4,0,0,4,0,0,4
Alton,0.273,3,11,0,0,11,0.091,1,11,0,0,4,0,0,4,0,0,4
Amherst,0,0,3,0,0,3,0,0,3,0,0,0,0,0,0,0,0,0
Amity,0,0,0,0,0,0,0,0,0,0,0,0,0,0,0,0,0,0
Andover,0,0,3,0,0,3,0,0,3,0,0,3,0,0,3,0,0,3
Andover North Surplus Twp,0,0,0,0,0,0,0,0,0,0,0,0,0,0,0,0,0,0
Andover West Surplus Twp,0,0,0,0,0,0,0,0,0,0,0,0,0,0,0,0,0,0
Anson,1,1,1,0,0,1,0,0,1,0,0,0,0,0,0,0,0,0
Appleton,0.519,27,52,0.077,4,52,0.115,6,52,0,0,2,0,0,2,0,0,2
Appleton Twp,0,0,0,0,0,0,0,0,0,0,0,0,0,0,0,0,0,0
Argyle Twp,0,0,0,0,0,0,0,0,0,0,0,0,0,0,0,0,0,0
Arrowsic,0.462,12,26,0.077,2,26,0.115,3,26,0,0,3,0,0,3,0,0,3
Arundel,0.286,6,21,0.143,3,21,0,0,21,0,0,0,0,0,0,0,0,0
Ashland,0,0,0,0,0,0,0,0,0,0,0,0,0,0,0,0,0,0
Athens,0.25,1,4,0,0,4,0,0,4,0,0,1,0,0,1,0,0,1
Atkinson Twp,0.25,1,4,0,0,4,0,0,4,0,0,0,0,0,0,0,0,0
Attean Twp,0,0,0,0,0,0,0,0,0,0,0,0,0,0,0,0,0,0
Auburn,0.397,23,58,0.121,7,58,0.121,7,58,0,0,6,0,0,6,0,0,6
Augusta,0.326,15,46,0.043,2,46,0.13,6,46,0,0,10,0,0,10,0,0,10
Aurora,0,0,0,0,0,0,0,0,0,0,0,0,0,0,0,0,0,0
Avon,0,0,0,0,0,0,0,0,0,0,0,0,0,0,0,0,0,0
Baileyville,0,0,0,0,0,0,0,0,0,0,0,1,0,0,1,0,0,1
Bald Mountain Twp T2 R3,0,0,0,0,0,0,0,0,0,0,0,0,0,0,0,0,0,0
Bald Mountain Twp T4 R3,0,0,0,0,0,0,0,0,0,0,0,0,0,0,0,0,0,0
Baldwin,0.182,2,11,0.273,3,11,0.182,2,11,0,0,1,0,0,1,0,0,1
Bancroft Twp,0,0,0,0,0,0,0,0,0,0,0,0,0,0,0,0,0,0
Bangor,0.393,24,61,0.066,4,61,0.016,1,61,0,0,58,0,0,58,0,0,58
Bar Harbor,0.424,120,283,0.12,34,283,0.081,23,283,0,0,3,0,0,3,0,0,3
Baring Plt,1,1,1,0,0,1,0,0,1,0.5,1,2,0,0,2,0,0,2
Barnard Twp,0,0,0,0,0,0,0,0,0,0,0,0,0,0,0,0,0,0
Batchelders Grant Twp,0,0,0,0,0,0,0,0,0,0,0,0,0,0,0,0,0,0
Bath,0.25,9,36,0.028,1,36,0.028,1,36,0,0,8,0,0,8,0,0,8
Beals,0,0,2,0,0,2,0,0,2,0,0,0,0,0,0,0,0,0
Beattie Twp,0,0,0,0,0,0,0,0,0,0,0,0,0,0,0,0,0,0
Beaver Cove,0,0,0,0,0,0,0,0,0,0,0,0,0,0,0,0,0,0
Beddington,0,0,1,0,0,1,1,1,1,0,0,0,0,0,0,0,0,0
Belfast,0.523,34,65,0.092,6,65,0.138,9,65,0,0,22,0,0,22,0,0,22
Belgrade,0.346,9,26,0.154,4,26,0.154,4,26,0,0,4,0,0,4,0,0,4
Belmont,0.286,4,14,0.071,1,14,0.071,1,14,0,0,2,0,0,2,0,0,2
Benedicta Twp,0,0,0,0,0,0,0,0,0,0,0,0,0,0,0,0,0,0
Benton,0,0,5,0,0,5,0,0,5,0,0,3,0,0,3,0,0,3
Berry Twp,0,0,0,0,0,0,0,0,0,0,0,0,0,0,0,0,0,0
Berwick,0.438,7,16,0.125,2,16,0,0,16,0,0,7,0,0,7,0,0,7
Bethel,0.455,5,11,0,0,11,0,0,11,0,0,0,0,0,0,0,0,0
Biddeford,0.24,6,25,0,0,25,0.08,2,25,0,0,11,0,0,11,0,0,11
Big Lake Twp,0,0,0,0,0,0,0,0,0,0,0,0,0,0,0,0,0,0
Big Moose Twp,0,0,0,0,0,0,0,0,0,0,0,1,0,0,1,0,0,1
Big Six Twp,0,0,0,0,0,0,0,0,0,0,0,0,0,0,0,0,0,0
Big Ten Twp,0,0,0,0,0,0,0,0,0,0,0,0,0,0,0,0,0,0
Big Twenty Twp,0,0,0,0,0,0,0,0,0,0,0,0,0,0,0,0,0,0
Big W Twp,0,0,0,0,0,0,0,0,0,0,0,0,0,0,0,0,0,0
Bigelow Twp,0,0,0,0,0,0,0,0,0,0,0,0,0,0,0,0,0,0
Bingham,0.5,1,2,0,0,2,0,0,2,0,0,1,0,0,1,0,0,1
Blaine,0,0,0,0,0,0,0,0,0,0,0,0,0,0,0,0,0,0
Blake Gore,0,0,0,0,0,0,0,0,0,0,0,0,0,0,0,0,0,0
Blanchard Twp,0,0,1,0,0,1,0,0,1,0,0,0,0,0,0,0,0,0
Blue Hill,0.414,41,99,0.061,6,99,0.02,2,99,0,0,28,0,0,28,0,0,28
Boothbay,0.541,73,135,0.111,15,135,0.059,8,135,0,0,13,0,0,13,0,0,13
Boothbay Harbor,0.434,23,53,0.075,4,53,0.057,3,53,0,0,10,0,0,10,0,0,10
Bowdoin,0.538,14,26,0.115,3,26,0.115,3,26,0,0,0,0,0,0,0,0,0
Bowdoin College Grant East Twp,0,0,0,0,0,0,0,0,0,0,0,0,0,0,0,0,0,0
Bowdoin College Grant West Twp,0,0,0,0,0,0,0,0,0,0,0,0,0,0,0,0,0,0
Bowdoinham,0.415,17,41,0.098,4,41,0.171,7,41,0,0,4,0,0,4,0,0,4
Bowerbank,0,0,0,0,0,0,0,0,0,0,0,1,0,0,1,0,0,1
Bowmantown Twp,0,0,0,0,0,0,0,0,0,0,0,0,0,0,0,0,0,0
Bowtown Twp,0,0,0,0,0,0,0,0,0,0,0,0,0,0,0,0,0,0
Bradford,0,0,2,0,0,2,0,0,2,0,0,0,0,0,0,0,0,0
Bradley,0.5,3,6,0,0,6,0,0,6,0,0,3,0,0,3,0,0,3
Bradstreet Twp,0,0,0,0,0,0,0,0,0,0,0,0,0,0,0,0,0,0
Brassua Twp,0,0,0,0,0,0,0,0,0,0,0,0,0,0,0,0,0,0
Bremen,0.425,17,40,0.025,1,40,0.15,6,40,0,0,12,0,0,12,0,0,12
Brewer,0.429,9,21,0.095,2,21,0,0,21,0,0,15,0,0,15,0,0,15
Bridgewater,0,0,0,0,0,0,0,0,0,0,0,0,0,0,0,0,0,0
Bridgton,0.283,13,46,0.196,9,46,0.087,4,46,0,0,7,0,0,7,0,0,7
Brighton Plt,0,0,0,0,0,0,0,0,0,0,0,0,0,0,0,0,0,0
Bristol,0.465,46,99,0.111,11,99,0.121,12,99,0,0,18,0,0,18,0,0,18
Brooklin,0.314,11,35,0.029,1,35,0.029,1,35,0,0,4,0,0,4,0,0,4
Brooks,0.538,7,13,0.154,2,13,0,0,13,0,0,0,0,0,0,0,0,0
Brooksville,0.415,22,53,0.075,4,53,0,0,53,0,0,16,0,0,16,0,0,16
Brookton Twp,0,0,1,0,0,1,0,0,1,0,0,0,0,0,0,0,0,0
Brownfield,0.429,9,21,0,0,21,0.095,2,21,0,0,3,0,0,3,0,0,3
Brownville,0,0,1,0,0,1,0,0,1,0,0,0,0,0,0,0,0,0
Brunswick,0.417,50,120,0.142,17,120,0.125,15,120,0,0,23,0,0,23,0,0,23
Buckfield,0.111,1,9,0.111,1,9,0.111,1,9,0,0,0,0,0,0,0,0,0
Bucksport,0.3,9,30,0.1,3,30,0.167,5,30,0,0,16,0,0,16,0,0,16
Burlington,0,0,2,0,0,2,0,0,2,0,0,0,0,0,0,0,0,0
Burnham,0.5,2,4,0.25,1,4,0,0,4,0,0,3,0,0,3,0,0,3
Buxton,0.467,14,30,0.067,2,30,0.2,6,30,0,0,4,0,0,4,0,0,4
Byron,0,0,0,0,0,0,0,0,0,0,0,0,0,0,0,0,0,0
C Surplus,0,0,0,0,0,0,0,0,0,0,0,0,0,0,0,0,0,0
Calais,0.429,6,14,0.143,2,14,0.071,1,14,0,0,2,0,0,2,0,0,2
Cambridge,0,0,0,0,0,0,0,0,0,0,0,0,0,0,0,0,0,0
Camden,0.496,56,113,0.062,7,113,0.142,16,113,0,0,20,0,0,20,0,0,20
Canaan,0.25,3,12,0.083,1,12,0,0,12,0,0,6,0,0,6,0,0,6
Canton,0,0,0,0,0,0,0,0,0,0,0,2,0,0,2,0,0,2
Cape Elizabeth,0.264,24,91,0.088,8,91,0.088,8,91,0,0,30,0,0,30,0,0,30
Caratunk,0,0,1,0,0,1,0,0,1,0,0,0,0,0,0,0,0,0
Caribou,0,0,1,1,1,1,0,0,1,0,0,1,0,0,1,0,0,1
Carmel,0.2,2,10,0.1,1,10,0,0,10,0,0,4,0,0,4,0,0,4
Carrabassett Valley,0,0,3,0,0,3,0,0,3,0,0,2,0,0,2,0,0,2
Carroll Plt,0,0,1,0,0,1,0,0,1,0,0,0,0,0,0,0,0,0
Carrying Place Town Twp,0,0,0,0,0,0,0,0,0,0,0,0,0,0,0,0,0,0
Carrying Place Twp,0,0,0,0,0,0,0,0,0,0,0,0,0,0,0,0,0,0
Carthage,0,0,0,0,0,0,0,0,0,0,0,0,0,0,0,0,0,0
Cary Twp,0,0,0,0,0,0,0,0,0,0,0,0,0,0,0,0,0,0
Casco,0.25,2,8,0.125,1,8,0.125,1,8,0,0,2,0,0,2,0,0,2
Castine,0.364,4,11,0,0,11,0,0,11,0,0,0,0,0,0,0,0,0
Castle Hill,0,0,0,0,0,0,0,0,0,0,0,0,0,0,0,0,0,0
Caswell,0,0,0,0,0,0,0,0,0,0,0,0,0,0,0,0,0,0
Cathance Twp,0,0,0,0,0,0,0,0,0,0,0,0,0,0,0,0,0,0
Cedar Lake Twp,0,0,0,0,0,0,0,0,0,0,0,0,0,0,0,0,0,0
Centerville Twp,0,0,0,0,0,0,0,0,0,0,0,0,0,0,0,0,0,0
Chain of Ponds Twp,0,0,0,0,0,0,0,0,0,0,0,0,0,0,0,0,0,0
Chapman,0,0,0,0,0,0,0,0,0,0,0,0,0,0,0,0,0,0
Charleston,0.333,2,6,0,0,6,0.167,1,6,0,0,1,0,0,1,0,0,1
Charlotte,0,0,0,0,0,0,0,0,0,0,0,0,0,0,0,0,0,0
Chase Stream Twp,0,0,0,0,0,0,0,0,0,0,0,0,0,0,0,0,0,0
Chebeague Island,0.353,6,17,0.118,2,17,0.059,1,17,0,0,1,0,0,1,0,0,1
Chelsea,0.5,3,6,0,0,6,0.167,1,6,0,0,3,0,0,3,0,0,3
Cherryfield,0.167,2,12,0.25,3,12,0.083,1,12,0,0,2,0,0,2,0,0,2
Chester,0.333,1,3,0,0,3,0,0,3,0,0,1,0,0,1,0,0,1
Chesterville,0.429,3,7,0,0,7,0.143,1,7,0,0,0,0,0,0,0,0,0
Chesuncook Twp,0,0,0,0,0,0,0,0,0,0,0,0,0,0,0,0,0,0
China,0.571,12,21,0.095,2,21,0.143,3,21,0,0,1,0,0,1,0,0,1
Clayton Lake Twp,0,0,0,0,0,0,0,0,0,0,0,0,0,0,0,0,0,0
Clifton,0.5,4,8,0.125,1,8,0,0,8,0,0,2,0,0,2,0,0,2
Clinton,0.5,5,10,0.1,1,10,0.1,1,10,0,0,1,0,0,1,0,0,1
Coburn Gore,0,0,0,0,0,0,0,0,0,0,0,0,0,0,0,0,0,0
Codyville Twp,0,0,0,0,0,0,0,0,0,0,0,0,0,0,0,0,0,0
Columbia,0,0,1,0,0,1,0,0,1,0,0,0,0,0,0,0,0,0
Columbia Falls,0,0,1,0,0,1,0,0,1,0,0,2,0,0,2,0,0,2
Comstock Twp,0,0,0,0,0,0,0,0,0,0,0,0,0,0,0,0,0,0
Concord Twp,0,0,0,0,0,0,0,0,0,0,0,1,0,0,1,0,0,1
Connor Twp,0,0,0,0,0,0,0,0,0,0,0,0,0,0,0,0,0,0
Cooper,0,0,0,0,0,0,0,0,0,0,0,1,0,0,1,0,0,1
Coplin Plt,0,0,0,0,0,0,0,0,0,0,0,0,0,0,0,0,0,0
Corinna,0.5,2,4,0,0,4,0,0,4,0,0,2,0,0,2,0,0,2
Corinth,0.364,4,11,0,0,11,0,0,11,0,0,1,0,0,1,0,0,1
Cornish,0,0,1,0,0,1,0,0,1,0,0,0,0,0,0,0,0,0
Cornville,0.353,6,17,0,0,17,0.118,2,17,0,0,2,0,0,2,0,0,2
Cove Point Twp,0,0,0,0,0,0,0,0,0,0,0,0,0,0,0,0,0,0
Cox Patent,0,0,0,0,0,0,0,0,0,0,0,0,0,0,0,0,0,0
Cranberry Isles,0.4,2,5,0,0,5,0,0,5,0,0,0,0,0,0,0,0,0
Crawford,0,0,1,0,0,1,0,0,1,0,0,0,0,0,0,0,0,0
Criehaven Twp,0.333,1,3,0,0,3,0,0,3,0,0,0,0,0,0,0,0,0
Cross Lake Twp,0,0,0,0,0,0,0,0,0,0,0,0,0,0,0,0,0,0
Crystal,0,0,0,0,0,0,0,0,0,0,0,0,0,0,0,0,0,0
Cumberland,0.436,34,78,0.115,9,78,0.167,13,78,0,0,18,0,0,18,0,0,18
Cushing,0.515,17,33,0.061,2,33,0.121,4,33,0,0,8,0,0,8,0,0,8
Cutler,0,0,3,0,0,3,0,0,3,0,0,1,0,0,1,0,0,1
Cyr Plt,0,0,0,0,0,0,0,0,0,0,0,0,0,0,0,0,0,0
Dallas Plt,0,0,0,0,0,0,0,0,0,0,0,0,0,0,0,0,0,0
Damariscotta,0.526,20,38,0.105,4,38,0.132,5,38,0,0,12,0,0,12,0,0,12
Danforth,0,0,2,0,0,2,0.5,1,2,0,0,0,0,0,0,0,0,0
Davis Twp,0,0,0,0,0,0,0,0,0,0,0,0,0,0,0,0,0,0
Day Block Twp,0,0,0,0,0,0,0,0,0,0,0,0,0,0,0,0,0,0
Days Academy Grant Twp,0,0,0,0,0,0,0,0,0,0,0,0,0,0,0,0,0,0
Dayton,1,2,2,0.5,1,2,0,0,2,0,0,2,0,0,2,0,0,2
Dead River Twp,0,0,0,0,0,0,0,0,0,0,0,0,0,0,0,0,0,0
Deblois,0,0,0,0,0,0,0,0,0,0,0,0,0,0,0,0,0,0
Dedham,0.379,11,29,0.034,1,29,0.034,1,29,0,0,10,0,0,10,0,0,10
Deer Isle,0.373,19,51,0.098,5,51,0.039,2,51,0,0,3,0,0,3,0,0,3
Denmark,0.308,4,13,0,0,13,0,0,13,0,0,0,0,0,0,0,0,0
Dennistown Plt,0,0,0,0,0,0,0,0,0,0,0,0,0,0,0,0,0,0
Dennysville,0,0,0,0,0,0,0,0,0,0,0,0,0,0,0,0,0,0
Detroit,0,0,1,0,0,1,0,0,1,0,0,0,0,0,0,0,0,0
Devereaux Twp,0,0,0,0,0,0,0,0,0,0,0,0,0,0,0,0,0,0
Dexter,0.182,2,11,0,0,11,0,0,11,0,0,2,0,0,2,0,0,2
Dixfield,0,0,2,0,0,2,0,0,2,0,0,1,0,0,1,0,0,1
Dixmont,0.4,6,15,0.067,1,15,0,0,15,0,0,2,0,0,2,0,0,2
Dole Brook Twp,0,0,0,0,0,0,0,0,0,0,0,0,0,0,0,0,0,0
Dover-Foxcroft,0.3,6,20,0.05,1,20,0,0,20,0,0,5,0,0,5,0,0,5
Dresden,0.462,12,26,0.115,3,26,0.115,3,26,0,0,2,0,0,2,0,0,2
Drew Plt,0,0,0,0,0,0,0,0,0,0,0,0,0,0,0,0,0,0
Dudley Twp,0,0,0,0,0,0,0,0,0,0,0,0,0,0,0,0,0,0
Durham,0.475,19,40,0.175,7,40,0.2,8,40,0,0,6,0,0,6,0,0,6
Dyer Brook,0,0,0,0,0,0,0,0,0,0,0,0,0,0,0,0,0,0
Dyer Twp,0,0,0,0,0,0,0,0,0,0,0,0,0,0,0,0,0,0
E Twp,0,0,0,0,0,0,0,0,0,0,0,0,0,0,0,0,0,0
Eagle Lake,0,0,0,0,0,0,0,0,0,0,0,0,0,0,0,0,0,0
Eagle Lake Twp,0,0,0,0,0,0,0,0,0,0,0,0,0,0,0,0,0,0
East Machias,0.333,4,12,0,0,12,0,0,12,0,0,1,0,0,1,0,0,1
East Middlesex Canal Grant Twp,0,0,0,0,0,0,0,0,0,0,0,0,0,0,0,0,0,0
East Millinocket,0,0,0,0,0,0,0,0,0,0,0,0,0,0,0,0,0,0
East Moxie Twp,0,0,0,0,0,0,0,0,0,0,0,0,0,0,0,0,0,0
Eastbrook,1,3,3,0,0,3,0,0,3,0,0,2,0,0,2,0,0,2
Easton,0,0,1,0,0,1,0,0,1,0,0,1,0,0,1,0,0,1
Eastport,0,0,0,0,0,0,0,0,0,0,0,1,0,0,1,0,0,1
Ebeemee Twp,0,0,0,0,0,0,0,0,0,0,0,0,0,0,0,0,0,0
Eddington,0.333,5,15,0.067,1,15,0,0,15,0,0,8,0,0,8,0,0,8
Edgecomb,0.485,16,33,0.182,6,33,0.152,5,33,0,0,1,0,0,1,0,0,1
Edinburg,0,0,1,0,0,1,0,0,1,0,0,1,0,0,1,0,0,1
Edmunds Twp,0.667,2,3,0,0,3,0,0,3,0,0,1,0,0,1,0,0,1
Eliot,0.542,13,24,0.083,2,24,0.083,2,24,0,0,6,0,0,6,0,0,6
Elliottsville Twp,0,0,0,0,0,0,0,0,0,0,0,0,0,0,0,0,0,0
Ellsworth,0.339,21,62,0.032,2,62,0.032,2,62,0,0,12,0,0,12,0,0,12
Elm Stream Twp,0,0,0,0,0,0,0,0,0,0,0,0,0,0,0,0,0,0
Embden,0.4,2,5,0.2,1,5,0,0,5,0,0,1,0,0,1,0,0,1
Enfield,0.2,1,5,0,0,5,0,0,5,0,0,3,0,0,3,0,0,3
Etna,0.333,4,12,0.083,1,12,0,0,12,0,0,1,0,0,1,0,0,1
Eustis,0,0,0,0,0,0,0,0,0,0,0,2,0,0,2,0,0,2
Exeter,0.2,1,5,0,0,5,0,0,5,0,0,0,0,0,0,0,0,0
Fairfield,0.45,9,20,0.15,3,20,0.05,1,20,0,0,3,0,0,3,0,0,3
Falmouth,0.441,41,93,0.097,9,93,0.086,8,93,0,0,22,0,0,22,0,0,22
Farmingdale,0.462,6,13,0.231,3,13,0.077,1,13,0,0,2,0,0,2,0,0,2
Farmington,0.545,12,22,0.136,3,22,0,0,22,0,0,1,0,0,1,0,0,1
Fayette,0.467,7,15,0.067,1,15,0.133,2,15,0,0,0,0,0,0,0,0,0
Flagstaff Twp,0,0,0,0,0,0,0,0,0,0,0,0,0,0,0,0,0,0
Fletchers Landing Twp,0,0,0,0,0,0,0,0,0,0,0,1,0,0,1,0,0,1
Forest City Twp,0,0,0,0,0,0,0,0,0,0,0,0,0,0,0,0,0,0
Forest Twp,0,0,0,0,0,0,0,0,0,0,0,0,0,0,0,0,0,0
Forkstown Twp,0,0,0,0,0,0,0,0,0,0,0,0,0,0,0,0,0,0
Forsyth Twp,0,0,0,0,0,0,0,0,0,0,0,0,0,0,0,0,0,0
Fort Fairfield,0,0,1,0,0,1,0,0,1,0,0,0,0,0,0,0,0,0
Fort Kent,0,0,1,0,0,1,0,0,1,0,0,2,0,0,2,0,0,2
Fowler Twp,0,0,0,0,0,0,0,0,0,0,0,0,0,0,0,0,0,0
Frankfort,0.467,7,15,0.2,3,15,0,0,15,0,0,5,0,0,5,0,0,5
Franklin,0.5,8,16,0,0,16,0,0,16,0,0,13,0,0,13,0,0,13
Freedom,0.294,5,17,0.176,3,17,0.118,2,17,0,0,5,0,0,5,0,0,5
Freeman Twp,0,0,0,0,0,0,0,0,0,0,0,1,0,0,1,0,0,1
Freeport,0.396,61,154,0.11,17,154,0.117,18,154,0,0,24,0,0,24,0,0,24
Frenchboro,0,0,2,0,0,2,0,0,2,0,0,0,0,0,0,0,0,0
Frenchtown Twp,0,0,0,0,0,0,0,0,0,0,0,0,0,0,0,0,0,0
Frenchville,0,0,0,0,0,0,0,0,0,0,0,0,0,0,0,0,0,0
Friendship,0.296,8,27,0.185,5,27,0.074,2,27,0,0,9,0,0,9,0,0,9
Frye Island,0,0,0,0,0,0,0,0,0,0,0,0,0,0,0,0,0,0
Fryeburg,0.545,6,11,0.182,2,11,0,0,11,0,0,2,0,0,2,0,0,2
Gardiner,0.455,10,22,0.091,2,22,0.045,1,22,0,0,6,0,0,6,0,0,6
Garfield Plt,0,0,0,0,0,0,0,0,0,0,0,0,0,0,0,0,0,0
Garland,0.6,3,5,0.2,1,5,0,0,5,0,0,0,0,0,0,0,0,0
Georgetown,0.222,6,27,0.074,2,27,0.111,3,27,0,0,4,0,0,4,0,0,4
Gilead,0,0,0,0,0,0,0,0,0,0,0,0,0,0,0,0,0,0
Glenburn,0.194,7,36,0.194,7,36,0.056,2,36,0,0,12,0,0,12,0,0,12
Glenwood Plt,0,0,0,0,0,0,0,0,0,0,0,0,0,0,0,0,0,0
Gorham,0.475,28,59,0.102,6,59,0.203,12,59,0,0,15,0,0,15,0,0,15
Gorham Gore,0,0,0,0,0,0,0,0,0,0,0,0,0,0,0,0,0,0
Gouldsboro,0.368,7,19,0.158,3,19,0.053,1,19,0,0,1,0,0,1,0,0,1
Grafton Twp,0,0,0,0,0,0,0,0,0,0,0,0,0,0,0,0,0,0
Grand Falls Twp,0,0,0,0,0,0,0,0,0,0,0,0,0,0,0,0,0,0
Grand Isle,0,0,0,0,0,0,0,0,0,0,0,0,0,0,0,0,0,0
Grand Lake Stream Plt,0,0,1,0,0,1,0,0,1,0,0,0,0,0,0,0,0,0
Gray,0.381,16,42,0.095,4,42,0.071,3,42,0,0,11,0,0,11,0,0,11
Great Pond,1,1,1,0,0,1,0,0,1,0,0,0,0,0,0,0,0,0
Greenbush,0,0,2,0,0,2,0,0,2,0,0,2,0,0,2,0,0,2
Greene,0.214,3,14,0,0,14,0.214,3,14,0,0,4,0,0,4,0,0,4
Greenfield Twp,1,1,1,0,0,1,0,0,1,0,0,1,0,0,1,0,0,1
Greenlaw Chopping Twp,0,0,0,0,0,0,0,0,0,0,0,0,0,0,0,0,0,0
Greenville,0,0,3,0,0,3,0,0,3,0,0,0,0,0,0,0,0,0
Greenwood,0.143,1,7,0,0,7,0,0,7,0,0,2,0,0,2,0,0,2
Grindstone Twp,0,0,0,0,0,0,0,0,0,0,0,0,0,0,0,0,0,0
Guilford,0,0,2,0.5,1,2,0,0,2,0,0,0,0,0,0,0,0,0
Hallowell,0.25,4,16,0.125,2,16,0.063,1,16,0,0,5,0,0,5,0,0,5
Hamlin,0,0,0,0,0,0,0,0,0,0,0,0,0,0,0,0,0,0
Hammond,0,0,0,0,0,0,0,0,0,0,0,0,0,0,0,0,0,0
Hammond Twp,0,0,0,0,0,0,0,0,0,0,0,0,0,0,0,0,0,0
Hampden,0.367,18,49,0.041,2,49,0.041,2,49,0,0,34,0,0,34,0,0,34
Hancock,0.237,9,38,0.026,1,38,0.026,1,38,0,0,1,0,0,1,0,0,1
Hanover,0,0,2,0,0,2,0,0,2,0,0,0,0,0,0,0,0,0
Harfords Point Twp,0,0,0,0,0,0,0,0,0,0,0,0,0,0,0,0,0,0
Harmony,0.333,1,3,0.333,1,3,0,0,3,0,0,1,0,0,1,0,0,1
Harpswell,0.357,30,84,0.095,8,84,0.071,6,84,0,0,11,0,0,11,0,0,11
Harrington,0.5,2,4,0.25,1,4,0,0,4,0,0,1,0,0,1,0,0,1
Harrison,0.333,3,9,0,0,9,0,0,9,0,0,2,0,0,2,0,0,2
Hartford,0.308,4,13,0,0,13,0,0,13,0,0,1,0,0,1,0,0,1
Hartland,0,0,2,0,0,2,0,0,2,0,0,0,0,0,0,0,0,0
Haynesville,0,0,0,0,0,0,0,0,0,0,0,0,0,0,0,0,0,0
Hebron,0.667,4,6,0.167,1,6,0,0,6,0,0,0,0,0,0,0,0,0
Hermon,0.333,7,21,0.143,3,21,0.048,1,21,0,0,3,0,0,3,0,0,3
Hersey,0,0,0,0,0,0,0,0,0,0,0,0,0,0,0,0,0,0
Herseytown Twp,0,0,0,0,0,0,0,0,0,0,0,0,0,0,0,0,0,0
Hibberts Gore,0,0,0,0,0,0,0,0,0,0,0,0,0,0,0,0,0,0
Highland Plt,0,0,0,0,0,0,0,0,0,0,0,0,0,0,0,0,0,0
Hiram,0.5,4,8,0.125,1,8,0.125,1,8,0,0,0,0,0,0,0,0,0
Hobbstown Twp,0,0,0,0,0,0,0,0,0,0,0,0,0,0,0,0,0,0
Hodgdon,1,1,1,1,1,1,0,0,1,0,0,0,0,0,0,0,0,0
Holden,0.52,13,25,0,0,25,0.08,2,25,0,0,9,0,0,9,0,0,9
Holeb Twp,0,0,0,0,0,0,0,0,0,0,0,0,0,0,0,0,0,0
Hollis,0.609,14,23,0.217,5,23,0.13,3,23,0,0,0,0,0,0,0,0,0
Hope,0.442,19,43,0.093,4,43,0.116,5,43,0,0,4,0,0,4,0,0,4
Hopkins Academy Grant Twp,0,0,0,0,0,0,0,0,0,0,0,0,0,0,0,0,0,0
Houlton,0,0,2,0.5,1,2,0,0,2,0,0,1,0,0,1,0,0,1
Howland,0,0,2,0,0,2,0,0,2,0,0,1,0,0,1,0,0,1
Hudson,0.25,1,4,0,0,4,0,0,4,0,0,5,0,0,5,0,0,5
Indian Island,1,1,1,0,0,1,0,0,1,0,0,0,0,0,0,0,0,0
Indian Stream Twp,0,0,0,0,0,0,0,0,0,0,0,0,0,0,0,0,0,0
Indian Twp Res,0,0,0,0,0,0,0,0,0,0,0,0,0,0,0,0,0,0
Industry,0.429,3,7,0,0,7,0,0,7,0,0,1,0,0,1,0,0,1
Island Falls,0,0,1,0,0,1,0,0,1,0,0,0,0,0,0,0,0,0
Isle au Haut,0.333,1,3,0,0,3,0,0,3,0,0,0,0,0,0,0,0,0
Islesboro,0.375,3,8,0.125,1,8,0,0,8,0,0,1,0,0,1,0,0,1
Jackman,0,0,1,0,0,1,0,0,1,0,0,1,0,0,1,0,0,1
Jackson,0.444,4,9,0.111,1,9,0.111,1,9,0,0,1,0,0,1,0,0,1
Jay,0.444,4,9,0.111,1,9,0,0,9,0,0,0,0,0,0,0,0,0
Jefferson,0.492,29,59,0.119,7,59,0.068,4,59,0,0,18,0,0,18,0,0,18
Jim Pond Twp,0,0,0,0,0,0,0,0,0,0,0,0,0,0,0,0,0,0
Johnson Mountain Twp,0,0,0,0,0,0,0,0,0,0,0,0,0,0,0,0,0,0
Jonesboro,0,0,1,0,0,1,0,0,1,0,0,2,0,0,2,0,0,2
Jonesport,0,0,2,0,0,2,0,0,2,0,0,0,0,0,0,0,0,0
Katahdin Iron Works Twp,0,0,0,0,0,0,0,0,0,0,0,0,0,0,0,0,0,0
Kenduskeag,0.6,3,5,0.2,1,5,0.2,1,5,0,0,0,0,0,0,0,0,0
Kennebunk,0.419,18,43,0.047,2,43,0.186,8,43,0,0,9,0,0,9,0,0,9
Kennebunkport,0.3,6,20,0.05,1,20,0.15,3,20,0,0,6,0,0,6,0,0,6
Kibby Twp,0,0,0,0,0,0,0,0,0,0,0,0,0,0,0,0,0,0
Kineo Twp,0,0,0,0,0,0,0,0,0,0,0,0,0,0,0,0,0,0
King & Bartlett Twp,0,0,0,0,0,0,0,0,0,0,0,0,0,0,0,0,0,0
Kingfield,0.75,3,4,0,0,4,0,0,4,0,0,0,0,0,0,0,0,0
Kingman Twp,0,0,0,0,0,0,0,0,0,0,0,0,0,0,0,0,0,0
Kingsbury Plt,0,0,0,0,0,0,0,0,0,0,0,0,0,0,0,0,0,0
Kittery,0.483,14,29,0.103,3,29,0.069,2,29,0,0,9,0,0,9,0,0,9
Knox,0.25,3,12,0.25,3,12,0.167,2,12,0,0,2,0,0,2,0,0,2
Kossuth Twp,0,0,0,0,0,0,0,0,0,0,0,0,0,0,0,0,0,0
Lagrange,0.333,1,3,0,0,3,0,0,3,0,0,3,0,0,3,0,0,3
Lake View Plt,0,0,1,0,0,1,0,0,1,0,0,0,0,0,0,0,0,0
Lakeville,0,0,2,0,0,2,0,0,2,0,0,0,0,0,0,0,0,0
Lambert Lake Twp,0,0,0,0,0,0,0,0,0,0,0,0,0,0,0,0,0,0
Lamoine,0.237,14,59,0.119,7,59,0.068,4,59,0,0,1,0,0,1,0,0,1
Lang Twp,0,0,0,0,0,0,0,0,0,0,0,0,0,0,0,0,0,0
Lebanon,0.75,3,4,0.25,1,4,0.25,1,4,0,0,0,0,0,0,0,0,0
Lee,0.25,1,4,0,0,4,0,0,4,0,0,0,0,0,0,0,0,0
Leeds,0.714,5,7,0.143,1,7,0,0,7,0,0,3,0,0,3,0,0,3
Levant,0.474,9,19,0.105,2,19,0.053,1,19,0,0,0,0,0,0,0,0,0
Lewiston,0.364,8,22,0.136,3,22,0.136,3,22,0,0,5,0,0,5,0,0,5
Lexington Twp,0,0,0,0,0,0,0,0,0,0,0,0,0,0,0,0,0,0
Liberty,0.458,11,24,0.042,1,24,0.083,2,24,0.2,1,5,0,0,5,0,0,5
Lily Bay Twp,0,0,0,0,0,0,0,0,0,0,0,0,0,0,0,0,0,0
Limerick,0.077,1,13,0.308,4,13,0.231,3,13,0,0,2,0,0,2,0,0,2
Limestone,0,0,0,0,0,0,0,0,0,0,0,0,0,0,0,0,0,0
Limington,0.333,4,12,0.083,1,12,0.083,1,12,0,0,4,0,0,4,0,0,4
Lincoln,0.5,7,14,0,0,14,0,0,14,0,0,2,0,0,2,0,0,2
Lincoln Plt,0,0,0,0,0,0,0,0,0,0,0,0,0,0,0,0,0,0
Lincolnville,0.431,31,72,0.097,7,72,0.153,11,72,0,0,23,0,0,23,0,0,23
Linneus,0,0,1,0,0,1,0,0,1,0,0,0,0,0,0,0,0,0
Lisbon,0.316,6,19,0.053,1,19,0.158,3,19,0,0,5,0,0,5,0,0,5
Litchfield,0.625,10,16,0.063,1,16,0.063,1,16,0,0,3,0,0,3,0,0,3
Little W Twp,0,0,0,0,0,0,0,0,0,0,0,0,0,0,0,0,0,0
Littleton,0,0,1,0,0,1,0,0,1,0,0,0,0,0,0,0,0,0
Livermore,0.417,5,12,0,0,12,0.083,1,12,0,0,1,0,0,1,0,0,1
Livermore Falls,1,1,1,0,0,1,0,0,1,0,0,0,0,0,0,0,0,0
Lobster Twp,0,0,0,0,0,0,0,0,0,0,0,0,0,0,0,0,0,0
Long A Twp,0,0,1,0,0,1,0,0,1,0,0,0,0,0,0,0,0,0
Long Island,0.5,2,4,0.25,1,4,0,0,4,0,0,1,0,0,1,0,0,1
Long Pond Twp,0,0,0,0,0,0,0,0,0,0,0,1,0,0,1,0,0,1
Lovell,0.667,4,6,0.167,1,6,0,0,6,0,0,1,0,0,1,0,0,1
Lowell,0,0,2,0,0,2,0,0,2,0,0,0,0,0,0,0,0,0
Lowelltown Twp,0,0,0,0,0,0,0,0,0,0,0,0,0,0,0,0,0,0
Lower Cupsuptic Twp,0,0,0,0,0,0,0,0,0,0,0,0,0,0,0,0,0,0
Lower Enchanted Twp,0,0,0,0,0,0,0,0,0,0,0,0,0,0,0,0,0,0
Lubec,0.143,1,7,0,0,7,0.143,1,7,0,0,0,0,0,0,0,0,0
Ludlow,0,0,0,0,0,0,0,0,0,0,0,0,0,0,0,0,0,0
Lyman,0.5,7,14,0.071,1,14,0.214,3,14,0,0,5,0,0,5,0,0,5
Lynchtown Twp,0,0,0,0,0,0,0,0,0,0,0,0,0,0,0,0,0,0
Machias,0.429,3,7,0.286,2,7,0,0,7,0,0,0,0,0,0,0,0,0
Machiasport,0.2,1,5,0,0,5,0,0,5,0,0,1,0,0,1,0,0,1
Macwahoc Plt,0,0,0,0,0,0,0,0,0,0,0,0,0,0,0,0,0,0
Madawaska,0,0,0,0,0,0,0,0,0,0,0,0,0,0,0,0,0,0
Madawaska Lake Twp,0,0,0,0,0,0,0,0,0,0,0,0,0,0,0,0,0,0
Madison,0.5,1,2,0,0,2,0,0,2,0,0,1,0,0,1,0,0,1
Madrid Twp,0,0,0,0,0,0,0,0,0,0,0,2,0,0,2,0,0,2
Magalloway Plt,0,0,0,0,0,0,0,0,0,0,0,0,0,0,0,0,0,0
Manchester,0.385,5,13,0.154,2,13,0.154,2,13,0,0,4,0,0,4,0,0,4
Mapleton,0,0,2,0,0,2,0,0,2,0,0,0,0,0,0,0,0,0
Mariaville,0.25,2,8,0,0,8,0,0,8,0,0,4,0,0,4,0,0,4
Marion Twp,0,0,0,0,0,0,0,0,0,0,0,0,0,0,0,0,0,0
Mars Hill,0,0,0,0,0,0,0,0,0,0,0,0,0,0,0,0,0,0
Marshfield,0.333,1,3,0.333,1,3,0,0,3,0,0,0,0,0,0,0,0,0
Masardis,0,0,0,0,0,0,0,0,0,0,0,0,0,0,0,0,0,0
Mason Twp,0,0,0,0,0,0,0,0,0,0,0,0,0,0,0,0,0,0
Massachusetts Gore,0,0,0,0,0,0,0,0,0,0,0,0,0,0,0,0,0,0
Matinicus Isle Plt,0,0,0,0,0,0,0,0,0,0,0,0,0,0,0,0,0,0
Mattamiscontis Twp,0,0,0,0,0,0,0,0,0,0,0,2,0,0,2,0,0,2
Mattawamkeag,0,0,1,0,0,1,0,0,1,0,0,1,0,0,1,0,0,1
Maxfield,0,0,0,0,0,0,0,0,0,0,0,0,0,0,0,0,0,0
Mayfield Twp,0,0,0,0,0,0,0,0,0,0,0,0,0,0,0,0,0,0
Mechanic Falls,0.5,1,2,0,0,2,0.5,1,2,0,0,0,0,0,0,0,0,0
Meddybemps,0,0,0,0,0,0,0,0,0,0,0,0,0,0,0,0,0,0
Medford,0,0,1,0,0,1,0,0,1,0,0,0,0,0,0,0,0,0
Medway,0,0,1,0,0,1,0,0,1,0,0,0,0,0,0,0,0,0
Mercer,0.273,3,11,0.182,2,11,0,0,11,0,0,1,0,0,1,0,0,1
Merrill,0,0,0,0,0,0,0,0,0,0,0,0,0,0,0,0,0,0
Merrill Strip Twp,0,0,0,0,0,0,0,0,0,0,0,0,0,0,0,0,0,0
Mexico,0.333,1,3,0.333,1,3,0.333,1,3,0,0,0,0,0,0,0,0,0
Milbridge,0.3,3,10,0,0,10,0,0,10,0,0,1,0,0,1,0,0,1
Milford,0.167,1,6,0,0,6,0,0,6,0,0,8,0,0,8,0,0,8
Millinocket,0.4,2,5,0.2,1,5,0,0,5,0,0,3,0,0,3,0,0,3
Milo,0.125,1,8,0,0,8,0.125,1,8,0,0,0,0,0,0,0,0,0
Milton Twp,0,0,0,0,0,0,0,0,0,0,0,0,0,0,0,0,0,0
Minot,0.455,5,11,0.091,1,11,0.182,2,11,0,0,1,0,0,1,0,0,1
Misery Gore Twp,0,0,0,0,0,0,0,0,0,0,0,0,0,0,0,0,0,0
Misery Twp,0,0,0,0,0,0,0,0,0,0,0,0,0,0,0,0,0,0
Molunkus Twp,0,0,0,0,0,0,0,0,0,0,0,0,0,0,0,0,0,0
Monhegan Island Plt,0,0,0,0,0,0,0,0,0,0,0,0,0,0,0,0,0,0
Monmouth,0.345,10,29,0.138,4,29,0.138,4,29,0,0,5,0,0,5,0,0,5
Monroe,0.583,14,24,0.167,4,24,0.125,3,24,0,0,5,0,0,5,0,0,5
Monson,0,0,0,0,0,0,0,0,0,0,0,0,0,0,0,0,0,0
Monticello,0,0,1,0,0,1,0,0,1,0,0,0,0,0,0,0,0,0
Montville,0.437,31,71,0.127,9,71,0.113,8,71,0,0,23,0,0,23,0,0,23
Moose River,0,0,0,0,0,0,0,0,0,0,0,0,0,0,0,0,0,0
Moosehead Junction Twp,0,0,0,0,0,0,0,0,0,0,0,0,0,0,0,0,0,0
Moro Plt,0,0,0,0,0,0,0,0,0,0,0,0,0,0,0,0,0,0
Morrill,0.389,7,18,0.056,1,18,0.167,3,18,0,0,1,0,0,1,0,0,1
Moscow,0.667,2,3,0,0,3,0,0,3,0,0,0,0,0,0,0,0,0
Mount Abram Twp,0,0,0,0,0,0,0,0,0,0,0,0,0,0,0,0,0,0
Mount Chase,0.333,1,3,0,0,3,0,0,3,0,0,1,0,0,1,0,0,1
Mount Desert,0.371,59,159,0.044,7,159,0.069,11,159,0,0,1,0,0,1,0,0,1
Mount Katahdin Twp,0,0,0,0,0,0,0,0,0,0,0,0,0,0,0,0,0,0
Mount Vernon,0.238,10,42,0.119,5,42,0.048,2,42,0,0,6,0,0,6,0,0,6
Moxie Gore,0,0,0,0,0,0,0,0,0,0,0,0,0,0,0,0,0,0
Muscle Ridge Twp,0,0,0,0,0,0,0,0,0,0,0,0,0,0,0,0,0,0
Naples,0.333,4,12,0,0,12,0,0,12,0,0,1,0,0,1,0,0,1
Nashville Plt,0,0,0,0,0,0,0,0,0,0,0,0,0,0,0,0,0,0
Nesourdnahunk Twp,0,0,0,0,0,0,0,0,0,0,0,0,0,0,0,0,0,0
New Canada,0,0,0,0,0,0,0,0,0,0,0,0,0,0,0,0,0,0
New Gloucester,0.421,24,57,0.088,5,57,0.14,8,57,0,0,11,0,0,11,0,0,11
New Limerick,0,0,0,0,0,0,0,0,0,0,0,0,0,0,0,0,0,0
New Portland,0.75,3,4,0,0,4,0,0,4,0,0,2,0,0,2,0,0,2
New Sharon,0.5,6,12,0.083,1,12,0,0,12,0,0,1,0,0,1,0,0,1
New Sweden,0,0,0,0,0,0,0,0,0,0,0,0,0,0,0,0,0,0
New Vineyard,0,0,3,0.333,1,3,0,0,3,0,0,1,0,0,1,0,0,1
Newburgh,0.385,10,26,0.038,1,26,0.038,1,26,0,0,2,0,0,2,0,0,2
Newcastle,0.449,22,49,0.102,5,49,0.184,9,49,0,0,5,0,0,5,0,0,5
Newfield,0.333,1,3,0,0,3,0.333,1,3,0,0,0,0,0,0,0,0,0
Newport,0.429,6,14,0.071,1,14,0.071,1,14,0,0,2,0,0,2,0,0,2
Newry,0,0,5,0.2,1,5,0,0,5,0,0,2,0,0,2,0,0,2
Nobleboro,0.444,20,45,0.133,6,45,0.089,4,45,0,0,7,0,0,7,0,0,7
Norridgewock,0.353,6,17,0.059,1,17,0.059,1,17,0,0,1,0,0,1,0,0,1
North Berwick,0.385,5,13,0.154,2,13,0.077,1,13,0,0,9,0,0,9,0,0,9
North Haven,0.4,2,5,0.4,2,5,0.2,1,5,0,0,1,0,0,1,0,0,1
North Yarmouth,0.455,30,66,0.061,4,66,0.106,7,66,0,0,11,0,0,11,0,0,11
North Yarmouth Academy Grant Twp,0,0,0,0,0,0,0,0,0,0,0,0,0,0,0,0,0,0
Northeast Carry Twp,0,0,0,0,0,0,0,0,0,0,0,0,0,0,0,0,0,0
Northfield,0,0,0,0,0,0,0,0,0,0,0,0,0,0,0,0,0,0
Northport,0.423,11,26,0.038,1,26,0.154,4,26,0,0,6,0,0,6,0,0,6
Norway,0.478,11,23,0.087,2,23,0.13,3,23,0,0,5,0,0,5,0,0,5
Oakfield,0,0,0,0,0,0,0,0,0,0,0,1,0,0,1,0,0,1
Oakland,0.516,16,31,0.129,4,31,0.129,4,31,0,0,3,0,0,3,0,0,3
Ogunquit,0,0,2,0,0,2,0,0,2,0,0,2,0,0,2,0,0,2
Old Orchard Beach,0,0,1,0,0,1,0,0,1,0,0,4,0,0,4,0,0,4
Old Town,0.4,14,35,0.086,3,35,0.086,3,35,0,0,14,0,0,14,0,0,14
Oqiton Twp,0,0,0,0,0,0,0,0,0,0,0,0,0,0,0,0,0,0
Orient,0,0,0,0,0,0,0,0,0,0,0,0,0,0,0,0,0,0
Orland,0.366,15,41,0.073,3,41,0.073,3,41,0,0,6,0,0,6,0,0,6
Orneville Twp,0,0,1,0,0,1,0,0,1,0,0,0,0,0,0,0,0,0
Orono,0.446,50,112,0.107,12,112,0.045,5,112,0,0,18,0,0,18,0,0,18
Orrington,0.515,17,33,0.121,4,33,0.03,1,33,0,0,3,0,0,3,0,0,3
Osborn,0,0,2,0,0,2,0,0,2,0,0,0,0,0,0,0,0,0
Otis,0.375,3,8,0.125,1,8,0,0,8,0,0,1,0,0,1,0,0,1
Otisfield,0.571,4,7,0.143,1,7,0,0,7,0,0,3,0,0,3,0,0,3
Owls Head,0.391,9,23,0.087,2,23,0.043,1,23,0,0,3,0,0,3,0,0,3
Oxbow North Twp,0,0,0,0,0,0,0,0,0,0,0,0,0,0,0,0,0,0
Oxbow Twp,0,0,0,0,0,0,0,0,0,0,0,0,0,0,0,0,0,0
Oxford,0.583,7,12,0.083,1,12,0.083,1,12,0,0,1,0,0,1,0,0,1
Palermo,0.4,4,10,0.2,2,10,0,0,10,0,0,2,0,0,2,0,0,2
Palmyra,0.556,5,9,0.111,1,9,0,0,9,0,0,0,0,0,0,0,0,0
Paris,0.4,6,15,0.133,2,15,0.267,4,15,0,0,2,0,0,2,0,0,2
Parkertown Twp,0,0,0,0,0,0,0,0,0,0,0,0,0,0,0,0,0,0
Parkman,1,1,1,0,0,1,0,0,1,0,0,0,0,0,0,0,0,0
Parlin Pond Twp,0,0,0,0,0,0,0,0,0,0,0,0,0,0,0,0,0,0
Parmachenee Twp,0,0,0,0,0,0,0,0,0,0,0,0,0,0,0,0,0,0
Parsonsfield,0.5,3,6,0.167,1,6,0,0,6,0,0,3,0,0,3,0,0,3
Passadumkeag,0,0,1,0,0,1,0,0,1,0,0,0,0,0,0,0,0,0
Patten,0,0,1,0,0,1,0,0,1,0,0,0,0,0,0,0,0,0
Pembroke,0.143,1,7,0,0,7,0,0,7,0,0,0,0,0,0,0,0,0
Penobscot,0.342,13,38,0.132,5,38,0.026,1,38,0,0,14,0,0,14,0,0,14
Perham,0,0,0,0,0,0,0,0,0,0,0,0,0,0,0,0,0,0
Perkins Twp,0,0,1,0,0,1,0,0,1,0,0,0,0,0,0,0,0,0
Perkins Twp Swan Island,0,0,0,0,0,0,0,0,0,0,0,1,0,0,1,0,0,1
Perry,0,0,4,0,0,4,0,0,4,0,0,2,0,0,2,0,0,2
Peru,0.333,1,3,0,0,3,0.333,1,3,0,0,2,0,0,2,0,0,2
Phillips,0.5,1,2,0,0,2,0,0,2,0,0,2,0,0,2,0,0,2
Phippsburg,0.474,27,57,0.088,5,57,0.07,4,57,0,0,8,0,0,8,0,0,8
Pierce Pond Twp,0,0,0,0,0,0,0,0,0,0,0,0,0,0,0,0,0,0
Pittsfield,0.333,3,9,0,0,9,0,0,9,0,0,2,0,0,2,0,0,2
Pittston,0.357,5,14,0.071,1,14,0.071,1,14,0,0,2,0,0,2,0,0,2
Pittston Academy Grant,0,0,0,0,0,0,0,0,0,0,0,0,0,0,0,0,0,0
Pleasant Point,0,0,0,0,0,0,0,0,0,0,0,0,0,0,0,0,0,0
Pleasant Ridge Plt,0,0,0,0,0,0,0,0,0,0,0,0,0,0,0,0,0,0
Plymouth,0.316,6,19,0.053,1,19,0,0,19,0,0,3,0,0,3,0,0,3
Plymouth Twp,0,0,0,0,0,0,0,0,0,0,0,0,0,0,0,0,0,0
Poland,0.296,8,27,0.037,1,27,0.074,2,27,0,0,4,0,0,4,0,0,4
Portage Lake,0.2,1,5,0,0,5,0,0,5,0,0,0,0,0,0,0,0,0
Porter,0.333,1,3,0,0,3,0,0,3,0,0,0,0,0,0,0,0,0
Portland,0.433,29,67,0.09,6,67,0.149,10,67,0,0,36,0,0,36,0,0,36
Pownal,0.533,24,45,0.067,3,45,0.089,4,45,0,0,7,0,0,7,0,0,7
Prentiss Twp T4 R4 NBKP,0,0,0,0,0,0,0,0,0,0,0,0,0,0,0,0,0,0
Prentiss Twp T7 R3 NBPP,0,0,1,0,0,1,0,0,1,0,0,0,0,0,0,0,0,0
Presque Isle,0,0,4,0,0,4,0,0,4,0,0,1,0,0,1,0,0,1
Princeton,1,1,1,0,0,1,0,0,1,0,0,0,0,0,0,0,0,0
Prospect,0.75,3,4,0.25,1,4,0,0,4,0,0,2,0,0,2,0,0,2
Pukakon Twp,0,0,0,0,0,0,0,0,0,0,0,0,0,0,0,0,0,0
Rainbow Twp,0,0,0,0,0,0,0,0,0,0,0,0,0,0,0,0,0,0
Randolph,0,0,1,0,0,1,0,0,1,0,0,1,0,0,1,0,0,1
Rangeley,0.25,1,4,0,0,4,0,0,4,0,0,0,0,0,0,0,0,0
Rangeley Plt,0,0,0,0,0,0,0,0,0,0,0,2,0,0,2,0,0,2
Raymond,0.455,10,22,0,0,22,0.136,3,22,0,0,1,0,0,1,0,0,1
Readfield,0.518,58,112,0.134,15,112,0.143,16,112,0,0,6,0,0,6,0,0,6
Redington Twp,0,0,0,0,0,0,0,0,0,0,0,0,0,0,0,0,0,0
Reed Plt,0,0,1,0,0,1,0,0,1,0,0,1,0,0,1,0,0,1
Richardsontown Twp,0,0,0,0,0,0,0,0,0,0,0,0,0,0,0,0,0,0
Richmond,0.4,6,15,0.267,4,15,0.133,2,15,0,0,4,0,0,4,0,0,4
Riley Twp,0,0,0,0,0,0,0,0,0,0,0,0,0,0,0,0,0,0
Ripley,0,0,1,0,0,1,0,0,1,0,0,0,0,0,0,0,0,0
Robbinston,0.333,1,3,0.333,1,3,0.333,1,3,0,0,0,0,0,0,0,0,0
Rockland,0.5,13,26,0.077,2,26,0.231,6,26,0,0,6,0,0,6,0,0,6
Rockport,0.547,47,86,0.221,19,86,0.116,10,86,0,0,16,0,0,16,0,0,16
Rockwood Strip T1 R1 NBKP,0,0,0,0,0,0,0,0,0,0,0,0,0,0,0,0,0,0
Rockwood Strip T2 R1 NBKP,0,0,0,0,0,0,0,0,0,0,0,0,0,0,0,0,0,0
Rome,0.333,3,9,0.111,1,9,0,0,9,0,0,3,0,0,3,0,0,3
Roque Bluffs,1,1,1,0,0,1,0,0,1,0,0,0,0,0,0,0,0,0
Roxbury,1,1,1,0,0,1,0,0,1,0,0,2,0,0,2,0,0,2
Rumford,0.333,2,6,0,0,6,0,0,6,0,0,2,0,0,2,0,0,2
Russell Pond Twp,0,0,0,0,0,0,0,0,0,0,0,0,0,0,0,0,0,0
Sabattus,0.091,1,11,0.091,1,11,0.182,2,11,0,0,1,0,0,1,0,0,1
Saco,0.432,16,37,0.081,3,37,0.081,3,37,0,0,13,0,0,13,0,0,13
Saint Agatha,0,0,0,0,0,0,0,0,0,0,0,0,0,0,0,0,0,0
Saint Albans,0.167,2,12,0.083,1,12,0,0,12,0,0,1,0,0,1,0,0,1
Saint Croix Twp,0,0,0,0,0,0,0,0,0,0,0,0,0,0,0,0,0,0
Saint Francis,0,0,0,0,0,0,0,0,0,0,0,0,0,0,0,0,0,0
Saint George,0.353,24,68,0.059,4,68,0.118,8,68,0.167,1,6,0,0,6,0,0,6
Saint John Plt,0,0,0,0,0,0,0,0,0,0,0,0,0,0,0,0,0,0
Saint John Twp,0,0,0,0,0,0,0,0,0,0,0,0,0,0,0,0,0,0
Sakom Twp,0,0,0,0,0,0,0,0,0,0,0,0,0,0,0,0,0,0
Salem Twp,0,0,1,0,0,1,0,0,1,0,0,1,0,0,1,0,0,1
Sandbar Tract Twp,0,0,0,0,0,0,0,0,0,0,0,0,0,0,0,0,0,0
Sandwich Academy Grant Twp,0,0,0,0,0,0,0,0,0,0,0,0,0,0,0,0,0,0
Sandy Bay Twp,0,0,0,0,0,0,0,0,0,0,0,0,0,0,0,0,0,0
Sandy River Plt,0,0,0,0,0,0,0,0,0,0,0,0,0,0,0,0,0,0
Sanford,0.5,11,22,0.227,5,22,0.091,2,22,0,0,6,0,0,6,0,0,6
Sangerville,0.176,3,17,0,0,17,0,0,17,0,0,0,0,0,0,0,0,0
Sapling Twp,0,0,0,0,0,0,0,0,0,0,0,0,0,0,0,0,0,0
Scarborough,0.403,25,62,0.081,5,62,0.129,8,62,0,0,25,0,0,25,0,0,25
Scopan Twp,0,0,0,0,0,0,0,0,0,0,0,0,0,0,0,0,0,0
Searsmont,0.485,16,33,0.121,4,33,0.091,3,33,0,0,9,0,0,9,0,0,9
Searsport,0.5,13,26,0.038,1,26,0.154,4,26,0,0,13,0,0,13,0,0,13
Sebago,0.125,1,8,0.125,1,8,0,0,8,0,0,2,0,0,2,0,0,2
Sebec,0.167,1,6,0,0,6,0,0,6,0,0,0,0,0,0,0,0,0
Seboeis Plt,0,0,0,0,0,0,0,0,0,0,0,0,0,0,0,0,0,0
Seboomook Twp,0,0,0,0,0,0,0,0,0,0,0,0,0,0,0,0,0,0
Sedgwick,0.302,13,43,0.163,7,43,0.023,1,43,0,0,2,0,0,2,0,0,2
Seven Ponds Twp,0,0,0,0,0,0,0,0,0,0,0,0,0,0,0,0,0,0
Shapleigh,1,1,1,1,1,1,0,0,1,0,0,1,0,0,1,0,0,1
Shawtown Twp,0,0,0,0,0,0,0,0,0,0,0,0,0,0,0,0,0,0
Sherman,0,0,0,0,0,0,0,0,0,0,0,1,0,0,1,0,0,1
Shirley,0,0,0,0,0,0,0,0,0,0,0,1,0,0,1,0,0,1
Sidney,0.526,10,19,0.158,3,19,0.053,1,19,0,0,4,0,0,4,0,0,4
Silver Ridge Twp,0,0,0,0,0,0,0,0,0,0,0,0,0,0,0,0,0,0
Sinclair Twp,0,0,1,0,0,1,0,0,1,0,0,0,0,0,0,0,0,0
Skinner Twp,0,0,0,0,0,0,0,0,0,0,0,0,0,0,0,0,0,0
Skowhegan,0.471,8,17,0.118,2,17,0.059,1,17,0,0,3,0,0,3,0,0,3
Smithfield,0.4,2,5,0,0,5,0,0,5,0,0,1,0,0,1,0,0,1
Smyrna,0,0,0,0,0,0,0,0,0,0,0,0,0,0,0,0,0,0
Soldiertown Twp T2 R3 NBKP,0,0,0,0,0,0,0,0,0,0,0,0,0,0,0,0,0,0
Soldiertown Twp T2 R7 WELS,0,0,0,0,0,0,0,0,0,0,0,0,0,0,0,0,0,0
Solon,0.25,1,4,0,0,4,0,0,4,0,0,2,0,0,2,0,0,2
Somerville,0.333,3,9,0.222,2,9,0.222,2,9,0,0,1,0,0,1,0,0,1
Soper Mountain Twp,0,0,0,0,0,0,0,0,0,0,0,0,0,0,0,0,0,0
Sorrento,0.5,3,6,0,0,6,0,0,6,0,0,1,0,0,1,0,0,1
South Berwick,0.387,24,62,0.113,7,62,0.145,9,62,0,0,3,0,0,3,0,0,3
South Bristol,0.52,26,50,0.18,9,50,0.04,2,50,0,0,8,0,0,8,0,0,8
South Portland,0.265,9,34,0.059,2,34,0,0,34,0,0,19,0,0,19,0,0,19
South Thomaston,0.524,11,21,0.095,2,21,0.143,3,21,0,0,2,0,0,2,0,0,2
Southport,0.429,6,14,0.071,1,14,0,0,14,0,0,7,0,0,7,0,0,7
Southwest Harbor,0.237,14,59,0.034,2,59,0.017,1,59,0,0,4,0,0,4,0,0,4
Spencer Bay Twp,0,0,0,0,0,0,0,0,0,0,0,0,0,0,0,0,0,0
Springfield,0,0,1,0,0,1,0,0,1,0,0,0,0,0,0,0,0,0
Squaretown Twp,0,0,0,0,0,0,0,0,0,0,0,0,0,0,0,0,0,0
Stacyville,0,0,0,0,0,0,0,0,0,0,0,0,0,0,0,0,0,0
Standish,0.324,11,34,0.088,3,34,0.176,6,34,0,0,4,0,0,4,0,0,4
Starks,0.5,2,4,0,0,4,0,0,4,0,0,2,0,0,2,0,0,2
Stetson,0,0,3,0,0,3,0,0,3,0,0,0,0,0,0,0,0,0
Stetsontown Twp,0,0,0,0,0,0,0,0,0,0,0,0,0,0,0,0,0,0
Steuben,0.455,5,11,0,0,11,0,0,11,0,0,6,0,0,6,0,0,6
Stockholm,0,0,0,0,0,0,0,0,0,0,0,0,0,0,0,0,0,0
Stockton Springs,0.444,8,18,0.111,2,18,0,0,18,0,0,0,0,0,0,0,0,0
Stoneham,0.5,1,2,0,0,2,0,0,2,0,0,0,0,0,0,0,0,0
Stonington,0.333,3,9,0,0,9,0,0,9,0,0,1,0,0,1,0,0,1
Stow,0,0,0,0,0,0,0,0,0,0,0,0,0,0,0,0,0,0
Strong,0,0,1,0,0,1,0,0,1,0,0,0,0,0,0,0,0,0
Sullivan,0.588,10,17,0,0,17,0,0,17,0,0,2,0,0,2,0,0,2
Summit Twp,0,0,0,0,0,0,0,0,0,0,0,0,0,0,0,0,0,0
Sumner,0,0,4,0.25,1,4,0,0,4,0,0,2,0,0,2,0,0,2
Surry,0.52,13,25,0,0,25,0,0,25,0,0,4,0,0,4,0,0,4
Swans Island,0.071,1,14,0,0,14,0,0,14,0,0,0,0,0,0,0,0,0
Swanville,0.313,5,16,0,0,16,0.188,3,16,0,0,3,0,0,3,0,0,3
Sweden,0.833,5,6,0.167,1,6,0,0,6,0,0,2,0,0,2,0,0,2
T1 R10 WELS,0,0,0,0,0,0,0,0,0,0,0,0,0,0,0,0,0,0
T1 R11 WELS,0,0,0,0,0,0,0,0,0,0,0,0,0,0,0,0,0,0
T1 R12 WELS,0,0,0,0,0,0,0,0,0,0,0,0,0,0,0,0,0,0
T1 R13 WELS,0,0,0,0,0,0,0,0,0,0,0,0,0,0,0,0,0,0
T1 R5 WELS,0,0,0,0,0,0,0,0,0,0,0,0,0,0,0,0,0,0
T1 R6 WELS,0,0,0,0,0,0,0,0,0,0,0,0,0,0,0,0,0,0
T1 R8 WELS,0,0,0,0,0,0,0,0,0,0,0,0,0,0,0,0,0,0
T1 R9 WELS,0,0,1,0,0,1,0,0,1,0,0,0,0,0,0,0,0,0
T10 R10 WELS,0,0,0,0,0,0,0,0,0,0,0,0,0,0,0,0,0,0
T10 R11 WELS,0,0,0,0,0,0,0,0,0,0,0,0,0,0,0,0,0,0
T10 R12 WELS,0,0,0,0,0,0,0,0,0,0,0,0,0,0,0,0,0,0
T10 R13 WELS,0,0,0,0,0,0,0,0,0,0,0,0,0,0,0,0,0,0
T10 R14 WELS,0,0,0,0,0,0,0,0,0,0,0,0,0,0,0,0,0,0
T10 R15 WELS,0,0,0,0,0,0,0,0,0,0,0,0,0,0,0,0,0,0
T10 R16 WELS,0,0,0,0,0,0,0,0,0,0,0,0,0,0,0,0,0,0
T10 R3 WELS,0,0,0,0,0,0,0,0,0,0,0,0,0,0,0,0,0,0
T10 R6 WELS,0,0,0,0,0,0,0,0,0,0,0,0,0,0,0,0,0,0
T10 R7 WELS,0,0,0,0,0,0,0,0,0,0,0,0,0,0,0,0,0,0
T10 R8 WELS,0,0,0,0,0,0,0,0,0,0,0,0,0,0,0,0,0,0
T10 R9 WELS,0,0,0,0,0,0,0,0,0,0,0,0,0,0,0,0,0,0
T10 SD BPP,0,0,1,0,0,1,0,0,1,0,0,0,0,0,0,0,0,0
T11 R10 WELS,0,0,0,0,0,0,0,0,0,0,0,0,0,0,0,0,0,0
T11 R11 WELS,0,0,0,0,0,0,0,0,0,0,0,0,0,0,0,0,0,0
T11 R12 WELS,0,0,0,0,0,0,0,0,0,0,0,0,0,0,0,0,0,0
T11 R13 WELS,0,0,0,0,0,0,0,0,0,0,0,0,0,0,0,0,0,0
T11 R15 WELS,0,0,0,0,0,0,0,0,0,0,0,0,0,0,0,0,0,0
T11 R16 WELS,0,0,0,0,0,0,0,0,0,0,0,0,0,0,0,0,0,0
T11 R17 WELS,0,0,0,0,0,0,0,0,0,0,0,0,0,0,0,0,0,0
T11 R3 NBPP,0,0,0,0,0,0,0,0,0,0,0,0,0,0,0,0,0,0
T11 R4 WELS,0,0,0,0,0,0,0,0,0,0,0,0,0,0,0,0,0,0
T11 R7 WELS,0,0,0,0,0,0,0,0,0,0,0,0,0,0,0,0,0,0
T11 R8 WELS,0,0,0,0,0,0,0,0,0,0,0,0,0,0,0,0,0,0
T11 R9 WELS,0,0,0,0,0,0,0,0,0,0,0,0,0,0,0,0,0,0
T12 R10 WELS,0,0,0,0,0,0,0,0,0,0,0,0,0,0,0,0,0,0
T12 R11 WELS,0,0,0,0,0,0,0,0,0,0,0,0,0,0,0,0,0,0
T12 R12 WELS,0,0,0,0,0,0,0,0,0,0,0,0,0,0,0,0,0,0
T12 R13 WELS,0,0,0,0,0,0,0,0,0,0,0,0,0,0,0,0,0,0
T12 R14 WELS,0,0,0,0,0,0,0,0,0,0,0,0,0,0,0,0,0,0
T12 R15 WELS,0,0,0,0,0,0,0,0,0,0,0,0,0,0,0,0,0,0
T12 R16 WELS,0,0,0,0,0,0,0,0,0,0,0,0,0,0,0,0,0,0
T12 R17 WELS,0,0,0,0,0,0,0,0,0,0,0,0,0,0,0,0,0,0
T12 R7 WELS,0,0,0,0,0,0,0,0,0,0,0,0,0,0,0,0,0,0
T12 R8 WELS,0,0,0,0,0,0,0,0,0,0,0,0,0,0,0,0,0,0
T12 R9 WELS,0,0,0,0,0,0,0,0,0,0,0,0,0,0,0,0,0,0
T13 R10 WELS,0,0,0,0,0,0,0,0,0,0,0,0,0,0,0,0,0,0
T13 R11 WELS,0,0,0,0,0,0,0,0,0,0,0,0,0,0,0,0,0,0
T13 R12 WELS,0,0,0,0,0,0,0,0,0,0,0,0,0,0,0,0,0,0
T13 R13 WELS,0,0,0,0,0,0,0,0,0,0,0,0,0,0,0,0,0,0
T13 R14 WELS,0,0,0,0,0,0,0,0,0,0,0,0,0,0,0,0,0,0
T13 R15 WELS,0,0,0,0,0,0,0,0,0,0,0,0,0,0,0,0,0,0
T13 R16 WELS,0,0,0,0,0,0,0,0,0,0,0,0,0,0,0,0,0,0
T13 R5 WELS,0,0,0,0,0,0,0,0,0,0,0,0,0,0,0,0,0,0
T13 R7 WELS,0,0,0,0,0,0,0,0,0,0,0,0,0,0,0,0,0,0
T13 R8 WELS,0,0,0,0,0,0,0,0,0,0,0,0,0,0,0,0,0,0
T13 R9 WELS,0,0,0,0,0,0,0,0,0,0,0,0,0,0,0,0,0,0
T14 R10 WELS,0,0,0,0,0,0,0,0,0,0,0,0,0,0,0,0,0,0
T14 R11 WELS,0,0,0,0,0,0,0,0,0,0,0,0,0,0,0,0,0,0
T14 R12 WELS,0,0,0,0,0,0,0,0,0,0,0,0,0,0,0,0,0,0
T14 R13 WELS,0,0,0,0,0,0,0,0,0,0,0,0,0,0,0,0,0,0
T14 R14 WELS,0,0,0,0,0,0,0,0,0,0,0,0,0,0,0,0,0,0
T14 R15 WELS,0,0,0,0,0,0,0,0,0,0,0,0,0,0,0,0,0,0
T14 R16 WELS,0,0,0,0,0,0,0,0,0,0,0,0,0,0,0,0,0,0
T14 R5 WELS,0,0,0,0,0,0,0,0,0,0,0,0,0,0,0,0,0,0
T14 R6 WELS,0,0,0,0,0,0,0,0,0,0,0,0,0,0,0,0,0,0
T14 R7 WELS,0,0,0,0,0,0,0,0,0,0,0,0,0,0,0,0,0,0
T14 R8 WELS,0,0,0,0,0,0,0,0,0,0,0,0,0,0,0,0,0,0
T14 R9 WELS,0,0,0,0,0,0,0,0,0,0,0,0,0,0,0,0,0,0
T15 R10 WELS,0,0,0,0,0,0,0,0,0,0,0,0,0,0,0,0,0,0
T15 R11 WELS,0,0,0,0,0,0,0,0,0,0,0,0,0,0,0,0,0,0
T15 R12 WELS,0,0,0,0,0,0,0,0,0,0,0,0,0,0,0,0,0,0
T15 R13 WELS,0,0,0,0,0,0,0,0,0,0,0,0,0,0,0,0,0,0
T15 R14 WELS,0,0,0,0,0,0,0,0,0,0,0,0,0,0,0,0,0,0
T15 R15 WELS,0,0,0,0,0,0,0,0,0,0,0,0,0,0,0,0,0,0
T15 R5 WELS,0,0,0,0,0,0,0,0,0,0,0,0,0,0,0,0,0,0
T15 R6 WELS,0,0,0,0,0,0,0,0,0,0,0,0,0,0,0,0,0,0
T15 R8 WELS,0,0,0,0,0,0,0,0,0,0,0,0,0,0,0,0,0,0
T15 R9 WELS,0,0,0,0,0,0,0,0,0,0,0,0,0,0,0,0,0,0
T16 MD BPP,0,0,0,0,0,0,0,0,0,0,0,0,0,0,0,0,0,0
T16 R12 WELS,0,0,0,0,0,0,0,0,0,0,0,0,0,0,0,0,0,0
T16 R13 WELS,0,0,0,0,0,0,0,0,0,0,0,0,0,0,0,0,0,0
T16 R14 WELS,0,0,0,0,0,0,0,0,0,0,0,0,0,0,0,0,0,0
T16 R5 WELS,0,0,0,0,0,0,0,0,0,0,0,0,0,0,0,0,0,0
T16 R6 WELS,0,0,0,0,0,0,0,0,0,0,0,0,0,0,0,0,0,0
T16 R8 WELS,0,0,0,0,0,0,0,0,0,0,0,0,0,0,0,0,0,0
T16 R9 WELS,0,0,0,0,0,0,0,0,0,0,0,0,0,0,0,0,0,0
T17 R12 WELS,0,0,0,0,0,0,0,0,0,0,0,0,0,0,0,0,0,0
T17 R13 WELS,0,0,0,0,0,0,0,0,0,0,0,0,0,0,0,0,0,0
T17 R14 WELS,0,0,0,0,0,0,0,0,0,0,0,0,0,0,0,0,0,0
T17 R3 WELS,0,0,0,0,0,0,0,0,0,0,0,0,0,0,0,0,0,0
T18 MD BPP,0,0,0,0,0,0,0,0,0,0,0,0,0,0,0,0,0,0
T18 R10 WELS,0,0,0,0,0,0,0,0,0,0,0,0,0,0,0,0,0,0
T18 R11 WELS,0,0,0,0,0,0,0,0,0,0,0,0,0,0,0,0,0,0
T18 R12 WELS,0,0,0,0,0,0,0,0,0,0,0,0,0,0,0,0,0,0
T18 R13 WELS,0,0,0,0,0,0,0,0,0,0,0,0,0,0,0,0,0,0
T19 ED BPP,0,0,0,0,0,0,0,0,0,0,0,0,0,0,0,0,0,0
T19 MD BPP,0,0,0,0,0,0,0,0,0,0,0,0,0,0,0,0,0,0
T19 R11 WELS,0,0,0,0,0,0,0,0,0,0,0,0,0,0,0,0,0,0
T19 R12 WELS,0,0,0,0,0,0,0,0,0,0,0,0,0,0,0,0,0,0
T2 R10 WELS,1,1,1,0,0,1,0,0,1,0,0,0,0,0,0,0,0,0
T2 R12 WELS,0,0,0,0,0,0,0,0,0,0,0,0,0,0,0,0,0,0
T2 R13 WELS,0,0,0,0,0,0,0,0,0,0,0,0,0,0,0,0,0,0
T2 R4 WELS,0,0,0,0,0,0,0,0,0,0,0,0,0,0,0,0,0,0
T2 R8 NWP,0,0,0,0,0,0,0,0,0,0,0,0,0,0,0,0,0,0
T2 R8 WELS,0,0,0,0,0,0,0,0,0,0,0,0,0,0,0,0,0,0
T2 R9 NWP,0,0,0,0,0,0,0,0,0,0,0,0,0,0,0,0,0,0
T2 R9 WELS,0,0,0,0,0,0,0,0,0,0,0,0,0,0,0,0,0,0
T22 MD BPP,0,0,0,0,0,0,0,0,0,0,0,0,0,0,0,0,0,0
T24 MD BPP,0,0,0,0,0,0,0,0,0,0,0,0,0,0,0,0,0,0
T25 MD BPP,0,0,0,0,0,0,0,0,0,0,0,0,0,0,0,0,0,0
T26 ED BPP,0,0,0,0,0,0,0,0,0,0,0,0,0,0,0,0,0,0
T28 MD BPP,0,0,0,0,0,0,0,0,0,0,0,0,0,0,0,0,0,0
T3 Indian Purchase Twp,0,0,1,0,0,1,0,0,1,0,0,0,0,0,0,0,0,0
T3 ND BPP,0,0,0,0,0,0,0,0,0,0,0,0,0,0,0,0,0,0
T3 R1 NBPP,0,0,0,0,0,0,0,0,0,0,0,0,0,0,0,0,0,0
T3 R10 WELS,0,0,0,0,0,0,0,0,0,0,0,0,0,0,0,0,0,0
T3 R11 WELS,0,0,0,0,0,0,0,0,0,0,0,0,0,0,0,0,0,0
T3 R12 WELS,0,0,0,0,0,0,0,0,0,0,0,0,0,0,0,0,0,0
T3 R13 WELS,0,0,0,0,0,0,0,0,0,0,0,0,0,0,0,0,0,0
T3 R3 WELS,0,0,0,0,0,0,0,0,0,0,0,0,0,0,0,0,0,0
T3 R4 BKP WKR,0,0,0,0,0,0,0,0,0,0,0,0,0,0,0,0,0,0
T3 R4 WELS,0,0,0,0,0,0,0,0,0,0,0,0,0,0,0,0,0,0
T3 R5 BKP WKR,0,0,0,0,0,0,0,0,0,0,0,0,0,0,0,0,0,0
T3 R7 WELS,0,0,0,0,0,0,0,0,0,0,0,0,0,0,0,0,0,0
T3 R8 WELS,0,0,0,0,0,0,0,0,0,0,0,0,0,0,0,0,0,0
T30 MD BPP,0,0,0,0,0,0,0,0,0,0,0,0,0,0,0,0,0,0
T32 MD BPP,0,0,0,0,0,0,0,0,0,0,0,0,0,0,0,0,0,0
T34 MD BPP,0,0,0,0,0,0,0,0,0,0,0,0,0,0,0,0,0,0
T35 MD BPP,0,0,0,0,0,0,0,0,0,0,0,0,0,0,0,0,0,0
T36 MD BPP,0,0,0,0,0,0,0,0,0,0,0,1,0,0,1,0,0,1
T37 MD BPP,0,0,1,0,0,1,0,0,1,0,0,0,0,0,0,0,0,0
T39 MD BPP,0,0,0,0,0,0,0,0,0,0,0,0,0,0,0,0,0,0
T4 Indian Purchase Twp,0,0,0,0,0,0,0,0,0,0,0,0,0,0,0,0,0,0
T4 R10 WELS,0,0,0,0,0,0,0,0,0,0,0,0,0,0,0,0,0,0
T4 R11 WELS,0,0,0,0,0,0,0,0,0,0,0,0,0,0,0,0,0,0
T4 R12 WELS,0,0,0,0,0,0,0,0,0,0,0,0,0,0,0,0,0,0
T4 R13 WELS,0,0,0,0,0,0,0,0,0,0,0,0,0,0,0,0,0,0
T4 R14 WELS,0,0,0,0,0,0,0,0,0,0,0,0,0,0,0,0,0,0
T4 R15 WELS,0,0,0,0,0,0,0,0,0,0,0,0,0,0,0,0,0,0
T4 R17 WELS,0,0,0,0,0,0,0,0,0,0,0,0,0,0,0,0,0,0
T4 R3 WELS,0,0,0,0,0,0,0,0,0,0,0,0,0,0,0,0,0,0
T4 R5 NBKP,0,0,0,0,0,0,0,0,0,0,0,0,0,0,0,0,0,0
T4 R7 WELS,0,0,0,0,0,0,0,0,0,0,0,0,0,0,0,0,0,0
T4 R8 WELS,0,0,0,0,0,0,0,0,0,0,0,0,0,0,0,0,0,0
T4 R9 NWP,0,0,0,0,0,0,0,0,0,0,0,0,0,0,0,0,0,0
T4 R9 WELS,0,0,0,0,0,0,0,0,0,0,0,0,0,0,0,0,0,0
T40 MD BPP,0,0,0,0,0,0,0,0,0,0,0,0,0,0,0,0,0,0
T41 MD BPP,0,0,0,0,0,0,0,0,0,0,0,0,0,0,0,0,0,0
T42 MD BPP,0,0,0,0,0,0,0,0,0,0,0,0,0,0,0,0,0,0
T43 MD BPP,0,0,0,0,0,0,0,0,0,0,0,0,0,0,0,0,0,0
T5 R11 WELS,0,0,0,0,0,0,0,0,0,0,0,0,0,0,0,0,0,0
T5 R12 WELS,0,0,0,0,0,0,0,0,0,0,0,0,0,0,0,0,0,0
T5 R14 WELS,0,0,0,0,0,0,0,0,0,0,0,0,0,0,0,0,0,0
T5 R15 WELS,0,0,0,0,0,0,0,0,0,0,0,0,0,0,0,0,0,0
T5 R17 WELS,0,0,0,0,0,0,0,0,0,0,0,0,0,0,0,0,0,0
T5 R18 WELS,0,0,0,0,0,0,0,0,0,0,0,0,0,0,0,0,0,0
T5 R19 WELS,0,0,0,0,0,0,0,0,0,0,0,0,0,0,0,0,0,0
T5 R20 WELS,0,0,0,0,0,0,0,0,0,0,0,0,0,0,0,0,0,0
T5 R6 BKP WKR,0,0,0,0,0,0,0,0,0,0,0,0,0,0,0,0,0,0
T5 R7 BKP WKR,0,0,0,0,0,0,0,0,0,0,0,0,0,0,0,0,0,0
T5 R7 WELS,0,0,0,0,0,0,0,0,0,0,0,0,0,0,0,0,0,0
T5 R8 WELS,0,0,0,0,0,0,0,0,0,0,0,0,0,0,0,0,0,0
T5 R9 WELS,0,0,0,0,0,0,0,0,0,0,0,0,0,0,0,0,0,0
T6 ND BPP,0,0,0,0,0,0,0,0,0,0,0,0,0,0,0,0,0,0
T6 R1 NBPP,0,0,0,0,0,0,0,0,0,0,0,0,0,0,0,0,0,0
T6 R10 WELS,0,0,0,0,0,0,0,0,0,0,0,0,0,0,0,0,0,0
T6 R11 WELS,0,0,0,0,0,0,0,0,0,0,0,0,0,0,0,0,0,0
T6 R12 WELS,0,0,0,0,0,0,0,0,0,0,0,0,0,0,0,0,0,0
T6 R13 WELS,0,0,0,0,0,0,0,0,0,0,0,0,0,0,0,0,0,0
T6 R14 WELS,0,0,0,0,0,0,0,0,0,0,0,0,0,0,0,0,0,0
T6 R15 WELS,0,0,0,0,0,0,0,0,0,0,0,0,0,0,0,0,0,0
T6 R17 WELS,0,0,0,0,0,0,0,0,0,0,0,0,0,0,0,0,0,0
T6 R18 WELS,0,0,0,0,0,0,0,0,0,0,0,0,0,0,0,0,0,0
T6 R6 WELS,0,0,0,0,0,0,0,0,0,0,0,0,0,0,0,0,0,0
T6 R7 WELS,0,0,0,0,0,0,0,0,0,0,0,0,0,0,0,0,0,0
T6 R8 WELS,0,0,0,0,0,0,0,0,0,0,0,0,0,0,0,0,0,0
T7 R10 WELS,0,0,0,0,0,0,0,0,0,0,0,0,0,0,0,0,0,0
T7 R11 WELS,0,0,0,0,0,0,0,0,0,0,0,0,0,0,0,0,0,0
T7 R12 WELS,0,0,0,0,0,0,0,0,0,0,0,0,0,0,0,0,0,0
T7 R13 WELS,0,0,0,0,0,0,0,0,0,0,0,0,0,0,0,0,0,0
T7 R14 WELS,0,0,0,0,0,0,0,0,0,0,0,0,0,0,0,0,0,0
T7 R15 WELS,0,0,0,0,0,0,0,0,0,0,0,0,0,0,0,0,0,0
T7 R16 WELS,0,0,0,0,0,0,0,0,0,0,0,0,0,0,0,0,0,0
T7 R17 WELS,0,0,0,0,0,0,0,0,0,0,0,0,0,0,0,0,0,0
T7 R18 WELS,0,0,0,0,0,0,0,0,0,0,0,0,0,0,0,0,0,0
T7 R19 WELS,0,0,0,0,0,0,0,0,0,0,0,0,0,0,0,0,0,0
T7 R5 WELS,0,0,0,0,0,0,0,0,0,0,0,0,0,0,0,0,0,0
T7 R6 WELS,0,0,0,0,0,0,0,0,0,0,0,0,0,0,0,0,0,0
T7 R7 WELS,0,0,0,0,0,0,0,0,0,0,0,0,0,0,0,0,0,0
T7 R8 WELS,0,0,0,0,0,0,0,0,0,0,0,0,0,0,0,0,0,0
T7 R9 NWP,0,0,0,0,0,0,0,0,0,0,0,0,0,0,0,0,0,0
T7 R9 WELS,0,0,0,0,0,0,0,0,0,0,0,0,0,0,0,0,0,0
T7 SD BPP,0,0,0,0,0,0,0,0,0,0,0,0,0,0,0,0,0,0
T8 R10 WELS,0,0,0,0,0,0,0,0,0,0,0,0,0,0,0,0,0,0
T8 R11 WELS,0,0,0,0,0,0,0,0,0,0,0,0,0,0,0,0,0,0
T8 R14 WELS,0,0,0,0,0,0,0,0,0,0,0,0,0,0,0,0,0,0
T8 R15 WELS,0,0,0,0,0,0,0,0,0,0,0,0,0,0,0,0,0,0
T8 R16 WELS,0,0,0,0,0,0,0,0,0,0,0,0,0,0,0,0,0,0
T8 R17 WELS,0,0,0,0,0,0,0,0,0,0,0,0,0,0,0,0,0,0
T8 R18 WELS,0,0,0,0,0,0,0,0,0,0,0,0,0,0,0,0,0,0
T8 R19 WELS,0,0,0,0,0,0,0,0,0,0,0,0,0,0,0,0,0,0
T8 R3 NBPP,0,0,0,0,0,0,0,0,0,0,0,0,0,0,0,0,0,0
T8 R3 WELS,0,0,0,0,0,0,0,0,0,0,0,0,0,0,0,0,0,0
T8 R4 NBPP,0,0,0,0,0,0,0,0,0,0,0,0,0,0,0,0,0,0
T8 R5 WELS,0,0,0,0,0,0,0,0,0,0,0,0,0,0,0,0,0,0
T8 R6 WELS,0,0,0,0,0,0,0,0,0,0,0,0,0,0,0,0,0,0
T8 R7 WELS,0,0,0,0,0,0,0,0,0,0,0,0,0,0,0,0,0,0
T8 R8 WELS,0,0,0,0,0,0,0,0,0,0,0,0,0,0,0,0,0,0
T8 R9 WELS,0,0,0,0,0,0,0,0,0,0,0,0,0,0,0,0,0,0
T9 R10 WELS,0,0,0,0,0,0,0,0,0,0,0,0,0,0,0,0,0,0
T9 R11 WELS,0,0,0,0,0,0,0,0,0,0,0,0,0,0,0,0,0,0
T9 R12 WELS,0,0,0,0,0,0,0,0,0,0,0,0,0,0,0,0,0,0
T9 R13 WELS,0,0,0,0,0,0,0,0,0,0,0,0,0,0,0,0,0,0
T9 R14 WELS,0,0,0,0,0,0,0,0,0,0,0,0,0,0,0,0,0,0
T9 R15 WELS,0,0,0,0,0,0,0,0,0,0,0,0,0,0,0,0,0,0
T9 R16 WELS,0,0,0,0,0,0,0,0,0,0,0,0,0,0,0,0,0,0
T9 R17 WELS,0,0,0,0,0,0,0,0,0,0,0,0,0,0,0,0,0,0
T9 R18 WELS,0,0,0,0,0,0,0,0,0,0,0,0,0,0,0,0,0,0
T9 R3 WELS,0,0,0,0,0,0,0,0,0,0,0,0,0,0,0,0,0,0
T9 R4 WELS,0,0,0,0,0,0,0,0,0,0,0,0,0,0,0,0,0,0
T9 R5 WELS,0,0,0,0,0,0,0,0,0,0,0,0,0,0,0,0,0,0
T9 R7 WELS,0,0,0,0,0,0,0,0,0,0,0,0,0,0,0,0,0,0
T9 R8 WELS,0,0,0,0,0,0,0,0,0,0,0,0,0,0,0,0,0,0
T9 R9 WELS,0,0,0,0,0,0,0,0,0,0,0,0,0,0,0,0,0,0
T9 SD BPP,0,0,0,0,0,0,0,0,0,0,0,0,0,0,0,0,0,0
TA R10 WELS,0,0,0,0,0,0,0,0,0,0,0,0,0,0,0,0,0,0
TA R11 WELS,0,0,0,0,0,0,0,0,0,0,0,0,0,0,0,0,0,0
TA R2 WELS,0,0,0,0,0,0,0,0,0,0,0,0,0,0,0,0,0,0
TA R7 WELS,0,0,0,0,0,0,0,0,0,0,0,0,0,0,0,0,0,0
Talmadge,0,0,1,0,0,1,0,0,1,0,0,0,0,0,0,0,0,0
Taunton & Raynham Academy Grant,0,0,0,0,0,0,0,0,0,0,0,0,0,0,0,0,0,0
TB R10 WELS,0,0,0,0,0,0,0,0,0,0,0,0,0,0,0,0,0,0
TB R11 WELS,0,0,0,0,0,0,0,0,0,0,0,0,0,0,0,0,0,0
TC R2 WELS,0,0,0,0,0,0,0,0,0,0,0,0,0,0,0,0,0,0
TD R2 WELS,0,0,0,0,0,0,0,0,0,0,0,0,0,0,0,0,0,0
Temple,0,0,5,0,0,5,0,0,5,1,1,1,0,0,1,0,0,1
The Forks Plt,1,1,1,0,0,1,0,0,1,0,0,0,0,0,0,0,0,0
Thomaston,0.476,10,21,0.048,1,21,0.048,1,21,0,0,4,0,0,4,0,0,4
Thorndike,0.357,5,14,0,0,14,0,0,14,0,0,0,0,0,0,0,0,0
Thorndike Twp,0,0,0,0,0,0,0,0,0,0,0,0,0,0,0,0,0,0
Tim Pond Twp,0,0,0,0,0,0,0,0,0,0,0,0,0,0,0,0,0,0
Tomhegan Twp,0,0,0,0,0,0,0,0,0,0,0,0,0,0,0,0,0,0
Topsfield,0,0,1,0,0,1,0,0,1,0,0,0,0,0,0,0,0,0
Topsham,0.389,14,36,0.056,2,36,0.028,1,36,0,0,6,0,0,6,0,0,6
Township 6 North of Weld,0,0,0,0,0,0,0,0,0,0,0,0,0,0,0,0,0,0
Township C,0,0,0,0,0,0,0,0,0,0,0,0,0,0,0,0,0,0
Township D,0,0,0,0,0,0,0,0,0,0,0,0,0,0,0,0,0,0
Township E,0,0,0,0,0,0,0,0,0,0,0,0,0,0,0,0,0,0
Tremont,0.491,55,112,0.098,11,112,0.009,1,112,0,0,2,0,0,2,0,0,2
Trenton,0.489,22,45,0.089,4,45,0.111,5,45,0,0,4,0,0,4,0,0,4
Trescott Twp,0.213,10,47,0.043,2,47,0,0,47,0,0,1,0,0,1,0,0,1
Trout Brook Twp,0,0,0,0,0,0,0,0,0,0,0,0,0,0,0,0,0,0
Troy,0.714,5,7,0.286,2,7,0,0,7,0,0,2,0,0,2,0,0,2
Turner,0.345,10,29,0.103,3,29,0.034,1,29,0,0,3,0,0,3,0,0,3
TX R14 WELS,0,0,0,0,0,0,0,0,0,0,0,0,0,0,0,0,0,0
Union,0.405,17,42,0.167,7,42,0.119,5,42,0,0,4,0,0,4,0,0,4
Unity,0.588,10,17,0.176,3,17,0,0,17,0,0,1,0,0,1,0,0,1
Unity Twp,0,0,0,0,0,0,0,0,0,0,0,0,0,0,0,0,0,0
Upper Cupsuptic Twp,0,0,0,0,0,0,0,0,0,0,0,0,0,0,0,0,0,0
Upper Enchanted Twp,1,1,1,0,0,1,0,0,1,0,0,0,0,0,0,0,0,0
Upper Molunkus Twp,0,0,0,0,0,0,0,0,0,0,0,0,0,0,0,0,0,0
Upton,0,0,0,0,0,0,0,0,0,0,0,0,0,0,0,0,0,0
Van Buren,0,0,0,0,0,0,0,0,0,0,0,0,0,0,0,0,0,0
Vanceboro,0,0,0,0,0,0,0,0,0,0,0,0,0,0,0,0,0,0
Vassalboro,0.286,8,28,0.071,2,28,0.143,4,28,0,0,4,0,0,4,0,0,4
Veazie,0.4,6,15,0.133,2,15,0.067,1,15,0,0,4,0,0,4,0,0,4
Veazie Gore,0,0,0,0,0,0,0,0,0,0,0,0,0,0,0,0,0,0
Verona Island,0.2,1,5,0,0,5,0,0,5,0,0,0,0,0,0,0,0,0
Vienna,0.273,3,11,0.091,1,11,0,0,11,0,0,0,0,0,0,0,0,0
Vinalhaven,0.265,22,83,0.06,5,83,0,0,83,0,0,4,0,0,4,0,0,4
Wade,0,0,0,0,0,0,0,0,0,0,0,0,0,0,0,0,0,0
Waite,0,0,0,0,0,0,0,0,0,0,0,0,0,0,0,0,0,0
Waldo,0.6,6,10,0.1,1,10,0.1,1,10,0,0,0,0,0,0,0,0,0
Waldoboro,0.433,29,67,0.119,8,67,0.209,14,67,0,0,14,0,0,14,0,0,14
Wales,0.5,2,4,0,0,4,0,0,4,0,0,1,0,0,1,0,0,1
Wallagrass,0,0,0,0,0,0,0,0,0,0,0,0,0,0,0,0,0,0
Waltham,0,0,2,0,0,2,0,0,2,0,0,0,0,0,0,0,0,0
Warren,0.574,35,61,0.262,16,61,0.295,18,61,0,0,4,0,0,4,0,0,4
Washburn,0,0,0,0,0,0,0,0,0,0,0,0,0,0,0,0,0,0
Washington,0.143,3,21,0.095,2,21,0,0,21,0,0,7,0,0,7,0,0,7
Washington Twp,0,0,0,0,0,0,0,0,0,0,0,0,0,0,0,0,0,0
Waterboro,0.333,5,15,0.267,4,15,0.067,1,15,0,0,4,0,0,4,0,0,4
Waterford,0.5,2,4,0,0,4,0,0,4,0,0,1,0,0,1,0,0,1
Waterville,0.444,12,27,0.37,10,27,0.037,1,27,0,0,4,0,0,4,0,0,4
Wayne,0.286,4,14,0.214,3,14,0.071,1,14,0,0,2,0,0,2,0,0,2
Webbertown Twp,0,0,0,0,0,0,0,0,0,0,0,0,0,0,0,0,0,0
Webster Plt,0,0,0,0,0,0,0,0,0,0,0,0,0,0,0,0,0,0
Weld,0,0,0,0,0,0,0,0,0,0,0,1,0,0,1,0,0,1
Wellington,0.5,1,2,0,0,2,0,0,2,0,0,0,0,0,0,0,0,0
Wells,0.368,14,38,0.211,8,38,0.184,7,38,0,0,8,0,0,8,0,0,8
Wesley,0,0,0,0,0,0,0,0,0,0,0,0,0,0,0,0,0,0
West Bath,0.25,2,8,0.125,1,8,0.125,1,8,0,0,7,0,0,7,0,0,7
West Forks Plt,0,0,0,0,0,0,0,0,0,0,0,0,0,0,0,0,0,0
West Gardiner,0.143,1,7,0,0,7,0,0,7,0,0,4,0,0,4,0,0,4
West Middlesex Canal Grant Twp,0,0,0,0,0,0,0,0,0,0,0,0,0,0,0,0,0,0
West Paris,0.4,2,5,0.2,1,5,0,0,5,0,0,2,0,0,2,0,0,2
Westbrook,0.265,9,34,0.147,5,34,0.059,2,34,0,0,8,0,0,8,0,0,8
Westfield,0,0,0,0,0,0,0,0,0,0,0,0,0,0,0,0,0,0
Westmanland,0,0,0,0,0,0,0,0,0,0,0,0,0,0,0,0,0,0
Weston,0,0,0,0,0,0,0,0,0,0,0,0,0,0,0,0,0,0
Westport Island,0.6,6,10,0.1,1,10,0.1,1,10,0,0,0,0,0,0,0,0,0
Whitefield,0.529,27,51,0.098,5,51,0.137,7,51,0,0,11,0,0,11,0,0,11
Whiting,0.5,2,4,0,0,4,0,0,4,0,0,0,0,0,0,0,0,0
Whitneyville,0,0,1,0,0,1,0,0,1,0,0,0,0,0,0,0,0,0
Williamsburg Twp,0,0,0,0,0,0,0,0,0,0,0,0,0,0,0,0,0,0
Willimantic,0,0,1,0,0,1,0,0,1,0,0,0,0,0,0,0,0,0
Wilton,0.429,3,7,0,0,7,0,0,7,0,0,2,0,0,2,0,0,2
Windham,0.394,26,66,0.121,8,66,0.136,9,66,0,0,18,0,0,18,0,0,18
Windsor,0.429,6,14,0.143,2,14,0,0,14,0,0,2,0,0,2,0,0,2
Winn,0,0,2,0,0,2,0,0,2,0,0,0,0,0,0,0,0,0
Winslow,0.182,4,22,0.091,2,22,0,0,22,0,0,2,0,0,2,0,0,2
Winter Harbor,0.5,1,2,0,0,2,0,0,2,0,0,0,0,0,0,0,0,0
Winterport,0.465,20,43,0.163,7,43,0.023,1,43,0,0,6,0,0,6,0,0,6
Winterville Plt,0,0,0,0,0,0,0,0,0,0,0,0,0,0,0,0,0,0
Winthrop,0.579,11,19,0.053,1,19,0.158,3,19,0,0,8,0,0,8,0,0,8
Wiscasset,0.417,15,36,0.083,3,36,0.083,3,36,0,0,7,0,0,7,0,0,7
Woodland,0,0,0,0,0,0,0,0,0,0,0,0,0,0,0,0,0,0
Woodstock,0.5,2,4,0,0,4,0,0,4,0,0,1,0,0,1,0,0,1
Woodville,0,0,0,0,0,0,0,0,0,0,0,0,0,0,0,0,0,0
Woolwich,0.261,6,23,0.13,3,23,0.174,4,23,0,0,1,0,0,1,0,0,1
Wyman Twp,0,0,0,0,0,0,0,0,0,0,0,0,0,0,0,0,0,0
Yarmouth,0.361,26,72,0.042,3,72,0.069,5,72,0,0,20,0,0,20,0,0,20
York,0.478,22,46,0.109,5,46,0.109,5,46,0,0,16,0,0,16,0,0,16
